10586.0,11,2018.0,정면,단어,KETI_SL_0000010586,가렵다
11005.0,11,2018.0,좌측면,단어,KETI_SL_0000011005,가렵다
11424.0,11,2018.0,우측면,단어,KETI_SL_0000011424,가렵다
11843.0,12,2018.0,정면,단어,KETI_SL_0000011843,가렵다
12262.0,12,2018.0,좌측면,단어,KETI_SL_0000012262,가렵다
12681.0,12,2018.0,우측면,단어,KETI_SL_0000012681,가렵다
13100.0,13,2018.0,정면,단어,KETI_SL_0000013100,가렵다
13519.0,13,2018.0,좌측면,단어,KETI_SL_0000013519,가렵다
13938.0,13,2018.0,우측면,단어,KETI_SL_0000013938,가렵다
14357.0,14,2018.0,정면,단어,KETI_SL_0000014357,가렵다
14776.0,14,2018.0,좌측면,단어,KETI_SL_0000014776,가렵다
15195.0,14,2018.0,우측면,단어,KETI_SL_0000015195,가렵다
15614.0,15,2018.0,정면,단어,KETI_SL_0000015614,가렵다
16033.0,15,2018.0,좌측면,단어,KETI_SL_0000016033,가렵다
16452.0,15,2018.0,우측면,단어,KETI_SL_0000016452,가렵다
16871.0,16,2018.0,정면,단어,KETI_SL_0000016871,가렵다
17290.0,16,2018.0,좌측면,단어,KETI_SL_0000017290,가렵다
17709.0,16,2018.0,우측면,단어,KETI_SL_0000017709,가렵다
18128.0,17,2018.0,정면,단어,KETI_SL_0000018128,가렵다
18547.0,17,2018.0,좌측면,단어,KETI_SL_0000018547,가렵다
18966.0,17,2018.0,우측면,단어,KETI_SL_0000018966,가렵다
19385.0,18,2018.0,정면,단어,KETI_SL_0000019385,가렵다
19804.0,18,2018.0,좌측면,단어,KETI_SL_0000019804,가렵다
20223.0,18,2018.0,우측면,단어,KETI_SL_0000020223,가렵다
20642.0,19,2018.0,정면,단어,KETI_SL_0000020642,가렵다
21061.0,19,2018.0,좌측면,단어,KETI_SL_0000021061,가렵다
21480.0,19,2018.0,우측면,단어,KETI_SL_0000021480,가렵다
21899.0,20,2018.0,정면,단어,KETI_SL_0000021899,가렵다
22318.0,20,2018.0,좌측면,단어,KETI_SL_0000022318,가렵다
22737.0,20,2018.0,우측면,단어,KETI_SL_0000022737,가렵다
23156.0,21,2018.0,정면,단어,KETI_SL_0000023156,가렵다
23575.0,21,2018.0,좌측면,단어,KETI_SL_0000023575,가렵다
23994.0,21,2018.0,우측면,단어,KETI_SL_0000023994,가렵다
24413.0,22,2018.0,정면,단어,KETI_SL_0000024413,가렵다
24832.0,22,2018.0,좌측면,단어,KETI_SL_0000024832,가렵다
25251.0,22,2018.0,우측면,단어,KETI_SL_0000025251,가렵다
25670.0,23,2018.0,정면,단어,KETI_SL_0000025670,가렵다
26089.0,23,2018.0,좌측면,단어,KETI_SL_0000026089,가렵다
26508.0,23,2018.0,우측면,단어,KETI_SL_0000026508,가렵다
26927.0,24,2018.0,정면,단어,KETI_SL_0000026927,가렵다
27346.0,24,2018.0,좌측면,단어,KETI_SL_0000027346,가렵다
27765.0,24,2018.0,우측면,단어,KETI_SL_0000027765,가렵다
28184.0,25,2018.0,정면,단어,KETI_SL_0000028184,가렵다
28603.0,25,2018.0,좌측면,단어,KETI_SL_0000028603,가렵다
29022.0,25,2018.0,우측면,단어,KETI_SL_0000029022,가렵다
29441.0,26,2018.0,정면,단어,KETI_SL_0000029441,가렵다
29860.0,26,2018.0,좌측면,단어,KETI_SL_0000029860,가렵다
30279.0,26,2018.0,우측면,단어,KETI_SL_0000030279,가렵다
30698.0,27,2018.0,정면,단어,KETI_SL_0000030698,가렵다
31117.0,27,2018.0,좌측면,단어,KETI_SL_0000031117,가렵다
31536.0,27,2018.0,우측면,단어,KETI_SL_0000031536,가렵다
31955.0,28,2018.0,정면,단어,KETI_SL_0000031955,가렵다
32374.0,28,2018.0,좌측면,단어,KETI_SL_0000032374,가렵다
32793.0,28,2018.0,우측면,단어,KETI_SL_0000032793,가렵다
33212.0,29,2018.0,정면,단어,KETI_SL_0000033212,가렵다
33631.0,29,2018.0,좌측면,단어,KETI_SL_0000033631,가렵다
34050.0,29,2018.0,우측면,단어,KETI_SL_0000034050,가렵다
34469.0,30,2018.0,정면,단어,KETI_SL_0000034469,가렵다
34888.0,30,2018.0,좌측면,단어,KETI_SL_0000034888,가렵다
35307.0,30,2018.0,우측면,단어,KETI_SL_0000035307,가렵다
35726.0,.,2018.0,정면,단어,KETI_SL_0000035726,가렵다
36145.0,.,2018.0,좌측면,단어,KETI_SL_0000036145,가렵다
36564.0,.,2018.0,우측면,단어,KETI_SL_0000036564,가렵다
10588.0,11,2018.0,정면,단어,KETI_SL_0000010588,가슴
11007.0,11,2018.0,좌측면,단어,KETI_SL_0000011007,가슴
11426.0,11,2018.0,우측면,단어,KETI_SL_0000011426,가슴
11845.0,12,2018.0,정면,단어,KETI_SL_0000011845,가슴
12264.0,12,2018.0,좌측면,단어,KETI_SL_0000012264,가슴
12683.0,12,2018.0,우측면,단어,KETI_SL_0000012683,가슴
13102.0,13,2018.0,정면,단어,KETI_SL_0000013102,가슴
13521.0,13,2018.0,좌측면,단어,KETI_SL_0000013521,가슴
13940.0,13,2018.0,우측면,단어,KETI_SL_0000013940,가슴
14359.0,14,2018.0,정면,단어,KETI_SL_0000014359,가슴
14778.0,14,2018.0,좌측면,단어,KETI_SL_0000014778,가슴
15197.0,14,2018.0,우측면,단어,KETI_SL_0000015197,가슴
15616.0,15,2018.0,정면,단어,KETI_SL_0000015616,가슴
16035.0,15,2018.0,좌측면,단어,KETI_SL_0000016035,가슴
16454.0,15,2018.0,우측면,단어,KETI_SL_0000016454,가슴
16873.0,16,2018.0,정면,단어,KETI_SL_0000016873,가슴
17292.0,16,2018.0,좌측면,단어,KETI_SL_0000017292,가슴
17711.0,16,2018.0,우측면,단어,KETI_SL_0000017711,가슴
18130.0,17,2018.0,정면,단어,KETI_SL_0000018130,가슴
18549.0,17,2018.0,좌측면,단어,KETI_SL_0000018549,가슴
18968.0,17,2018.0,우측면,단어,KETI_SL_0000018968,가슴
19387.0,18,2018.0,정면,단어,KETI_SL_0000019387,가슴
19806.0,18,2018.0,좌측면,단어,KETI_SL_0000019806,가슴
20225.0,18,2018.0,우측면,단어,KETI_SL_0000020225,가슴
20644.0,19,2018.0,정면,단어,KETI_SL_0000020644,가슴
21063.0,19,2018.0,좌측면,단어,KETI_SL_0000021063,가슴
21482.0,19,2018.0,우측면,단어,KETI_SL_0000021482,가슴
21901.0,20,2018.0,정면,단어,KETI_SL_0000021901,가슴
22320.0,20,2018.0,좌측면,단어,KETI_SL_0000022320,가슴
22739.0,20,2018.0,우측면,단어,KETI_SL_0000022739,가슴
23158.0,21,2018.0,정면,단어,KETI_SL_0000023158,가슴
23577.0,21,2018.0,좌측면,단어,KETI_SL_0000023577,가슴
23996.0,21,2018.0,우측면,단어,KETI_SL_0000023996,가슴
24415.0,22,2018.0,정면,단어,KETI_SL_0000024415,가슴
24834.0,22,2018.0,좌측면,단어,KETI_SL_0000024834,가슴
25253.0,22,2018.0,우측면,단어,KETI_SL_0000025253,가슴
25672.0,23,2018.0,정면,단어,KETI_SL_0000025672,가슴
26091.0,23,2018.0,좌측면,단어,KETI_SL_0000026091,가슴
26510.0,23,2018.0,우측면,단어,KETI_SL_0000026510,가슴
26929.0,24,2018.0,정면,단어,KETI_SL_0000026929,가슴
27348.0,24,2018.0,좌측면,단어,KETI_SL_0000027348,가슴
27767.0,24,2018.0,우측면,단어,KETI_SL_0000027767,가슴
28186.0,25,2018.0,정면,단어,KETI_SL_0000028186,가슴
28605.0,25,2018.0,좌측면,단어,KETI_SL_0000028605,가슴
29024.0,25,2018.0,우측면,단어,KETI_SL_0000029024,가슴
29443.0,26,2018.0,정면,단어,KETI_SL_0000029443,가슴
29862.0,26,2018.0,좌측면,단어,KETI_SL_0000029862,가슴
30281.0,26,2018.0,우측면,단어,KETI_SL_0000030281,가슴
30700.0,27,2018.0,정면,단어,KETI_SL_0000030700,가슴
31119.0,27,2018.0,좌측면,단어,KETI_SL_0000031119,가슴
31538.0,27,2018.0,우측면,단어,KETI_SL_0000031538,가슴
31957.0,28,2018.0,정면,단어,KETI_SL_0000031957,가슴
32376.0,28,2018.0,좌측면,단어,KETI_SL_0000032376,가슴
32795.0,28,2018.0,우측면,단어,KETI_SL_0000032795,가슴
33214.0,29,2018.0,정면,단어,KETI_SL_0000033214,가슴
33633.0,29,2018.0,좌측면,단어,KETI_SL_0000033633,가슴
34052.0,29,2018.0,우측면,단어,KETI_SL_0000034052,가슴
34471.0,30,2018.0,정면,단어,KETI_SL_0000034471,가슴
34890.0,30,2018.0,좌측면,단어,KETI_SL_0000034890,가슴
35309.0,30,2018.0,우측면,단어,KETI_SL_0000035309,가슴
35728.0,.,2018.0,정면,단어,KETI_SL_0000035728,가슴
36147.0,.,2018.0,좌측면,단어,KETI_SL_0000036147,가슴
36566.0,.,2018.0,우측면,단어,KETI_SL_0000036566,가슴
10614.0,11,2018.0,정면,단어,KETI_SL_0000010614,골절
11033.0,11,2018.0,좌측면,단어,KETI_SL_0000011033,골절
11452.0,11,2018.0,우측면,단어,KETI_SL_0000011452,골절
11871.0,12,2018.0,정면,단어,KETI_SL_0000011871,골절
12290.0,12,2018.0,좌측면,단어,KETI_SL_0000012290,골절
12709.0,12,2018.0,우측면,단어,KETI_SL_0000012709,골절
13128.0,13,2018.0,정면,단어,KETI_SL_0000013128,골절
13547.0,13,2018.0,좌측면,단어,KETI_SL_0000013547,골절
13966.0,13,2018.0,우측면,단어,KETI_SL_0000013966,골절
14385.0,14,2018.0,정면,단어,KETI_SL_0000014385,골절
14804.0,14,2018.0,좌측면,단어,KETI_SL_0000014804,골절
15223.0,14,2018.0,우측면,단어,KETI_SL_0000015223,골절
15642.0,15,2018.0,정면,단어,KETI_SL_0000015642,골절
16061.0,15,2018.0,좌측면,단어,KETI_SL_0000016061,골절
16480.0,15,2018.0,우측면,단어,KETI_SL_0000016480,골절
16899.0,16,2018.0,정면,단어,KETI_SL_0000016899,골절
17318.0,16,2018.0,좌측면,단어,KETI_SL_0000017318,골절
17737.0,16,2018.0,우측면,단어,KETI_SL_0000017737,골절
18156.0,17,2018.0,정면,단어,KETI_SL_0000018156,골절
18575.0,17,2018.0,좌측면,단어,KETI_SL_0000018575,골절
18994.0,17,2018.0,우측면,단어,KETI_SL_0000018994,골절
19413.0,18,2018.0,정면,단어,KETI_SL_0000019413,골절
19832.0,18,2018.0,좌측면,단어,KETI_SL_0000019832,골절
20251.0,18,2018.0,우측면,단어,KETI_SL_0000020251,골절
20670.0,19,2018.0,정면,단어,KETI_SL_0000020670,골절
21089.0,19,2018.0,좌측면,단어,KETI_SL_0000021089,골절
21508.0,19,2018.0,우측면,단어,KETI_SL_0000021508,골절
21927.0,20,2018.0,정면,단어,KETI_SL_0000021927,골절
22346.0,20,2018.0,좌측면,단어,KETI_SL_0000022346,골절
22765.0,20,2018.0,우측면,단어,KETI_SL_0000022765,골절
23184.0,21,2018.0,정면,단어,KETI_SL_0000023184,골절
23603.0,21,2018.0,좌측면,단어,KETI_SL_0000023603,골절
24022.0,21,2018.0,우측면,단어,KETI_SL_0000024022,골절
24441.0,22,2018.0,정면,단어,KETI_SL_0000024441,골절
24860.0,22,2018.0,좌측면,단어,KETI_SL_0000024860,골절
25279.0,22,2018.0,우측면,단어,KETI_SL_0000025279,골절
25698.0,23,2018.0,정면,단어,KETI_SL_0000025698,골절
26117.0,23,2018.0,좌측면,단어,KETI_SL_0000026117,골절
26536.0,23,2018.0,우측면,단어,KETI_SL_0000026536,골절
26955.0,24,2018.0,정면,단어,KETI_SL_0000026955,골절
27374.0,24,2018.0,좌측면,단어,KETI_SL_0000027374,골절
27793.0,24,2018.0,우측면,단어,KETI_SL_0000027793,골절
28212.0,25,2018.0,정면,단어,KETI_SL_0000028212,골절
28631.0,25,2018.0,좌측면,단어,KETI_SL_0000028631,골절
29050.0,25,2018.0,우측면,단어,KETI_SL_0000029050,골절
29469.0,26,2018.0,정면,단어,KETI_SL_0000029469,골절
29888.0,26,2018.0,좌측면,단어,KETI_SL_0000029888,골절
30307.0,26,2018.0,우측면,단어,KETI_SL_0000030307,골절
30726.0,27,2018.0,정면,단어,KETI_SL_0000030726,골절
31145.0,27,2018.0,좌측면,단어,KETI_SL_0000031145,골절
31564.0,27,2018.0,우측면,단어,KETI_SL_0000031564,골절
31983.0,28,2018.0,정면,단어,KETI_SL_0000031983,골절
32402.0,28,2018.0,좌측면,단어,KETI_SL_0000032402,골절
32821.0,28,2018.0,우측면,단어,KETI_SL_0000032821,골절
33240.0,29,2018.0,정면,단어,KETI_SL_0000033240,골절
33659.0,29,2018.0,좌측면,단어,KETI_SL_0000033659,골절
34078.0,29,2018.0,우측면,단어,KETI_SL_0000034078,골절
34497.0,30,2018.0,정면,단어,KETI_SL_0000034497,골절
34916.0,30,2018.0,좌측면,단어,KETI_SL_0000034916,골절
35335.0,30,2018.0,우측면,단어,KETI_SL_0000035335,골절
35754.0,.,2018.0,정면,단어,KETI_SL_0000035754,골절
36173.0,.,2018.0,좌측면,단어,KETI_SL_0000036173,골절
36592.0,.,2018.0,우측면,단어,KETI_SL_0000036592,골절
10630.0,11,2018.0,정면,단어,KETI_SL_0000010630,귀
11049.0,11,2018.0,좌측면,단어,KETI_SL_0000011049,귀
11468.0,11,2018.0,우측면,단어,KETI_SL_0000011468,귀
11887.0,12,2018.0,정면,단어,KETI_SL_0000011887,귀
12306.0,12,2018.0,좌측면,단어,KETI_SL_0000012306,귀
12725.0,12,2018.0,우측면,단어,KETI_SL_0000012725,귀
13144.0,13,2018.0,정면,단어,KETI_SL_0000013144,귀
13563.0,13,2018.0,좌측면,단어,KETI_SL_0000013563,귀
13982.0,13,2018.0,우측면,단어,KETI_SL_0000013982,귀
14401.0,14,2018.0,정면,단어,KETI_SL_0000014401,귀
14820.0,14,2018.0,좌측면,단어,KETI_SL_0000014820,귀
15239.0,14,2018.0,우측면,단어,KETI_SL_0000015239,귀
15658.0,15,2018.0,정면,단어,KETI_SL_0000015658,귀
16077.0,15,2018.0,좌측면,단어,KETI_SL_0000016077,귀
16496.0,15,2018.0,우측면,단어,KETI_SL_0000016496,귀
16915.0,16,2018.0,정면,단어,KETI_SL_0000016915,귀
17334.0,16,2018.0,좌측면,단어,KETI_SL_0000017334,귀
17753.0,16,2018.0,우측면,단어,KETI_SL_0000017753,귀
18172.0,17,2018.0,정면,단어,KETI_SL_0000018172,귀
18591.0,17,2018.0,좌측면,단어,KETI_SL_0000018591,귀
19010.0,17,2018.0,우측면,단어,KETI_SL_0000019010,귀
19429.0,18,2018.0,정면,단어,KETI_SL_0000019429,귀
19848.0,18,2018.0,좌측면,단어,KETI_SL_0000019848,귀
20267.0,18,2018.0,우측면,단어,KETI_SL_0000020267,귀
20686.0,19,2018.0,정면,단어,KETI_SL_0000020686,귀
21105.0,19,2018.0,좌측면,단어,KETI_SL_0000021105,귀
21524.0,19,2018.0,우측면,단어,KETI_SL_0000021524,귀
21943.0,20,2018.0,정면,단어,KETI_SL_0000021943,귀
22362.0,20,2018.0,좌측면,단어,KETI_SL_0000022362,귀
22781.0,20,2018.0,우측면,단어,KETI_SL_0000022781,귀
23200.0,21,2018.0,정면,단어,KETI_SL_0000023200,귀
23619.0,21,2018.0,좌측면,단어,KETI_SL_0000023619,귀
24038.0,21,2018.0,우측면,단어,KETI_SL_0000024038,귀
24457.0,22,2018.0,정면,단어,KETI_SL_0000024457,귀
24876.0,22,2018.0,좌측면,단어,KETI_SL_0000024876,귀
25295.0,22,2018.0,우측면,단어,KETI_SL_0000025295,귀
25714.0,23,2018.0,정면,단어,KETI_SL_0000025714,귀
26133.0,23,2018.0,좌측면,단어,KETI_SL_0000026133,귀
26552.0,23,2018.0,우측면,단어,KETI_SL_0000026552,귀
26971.0,24,2018.0,정면,단어,KETI_SL_0000026971,귀
27390.0,24,2018.0,좌측면,단어,KETI_SL_0000027390,귀
27809.0,24,2018.0,우측면,단어,KETI_SL_0000027809,귀
28228.0,25,2018.0,정면,단어,KETI_SL_0000028228,귀
28647.0,25,2018.0,좌측면,단어,KETI_SL_0000028647,귀
29066.0,25,2018.0,우측면,단어,KETI_SL_0000029066,귀
29485.0,26,2018.0,정면,단어,KETI_SL_0000029485,귀
29904.0,26,2018.0,좌측면,단어,KETI_SL_0000029904,귀
30323.0,26,2018.0,우측면,단어,KETI_SL_0000030323,귀
30742.0,27,2018.0,정면,단어,KETI_SL_0000030742,귀
31161.0,27,2018.0,좌측면,단어,KETI_SL_0000031161,귀
31580.0,27,2018.0,우측면,단어,KETI_SL_0000031580,귀
31999.0,28,2018.0,정면,단어,KETI_SL_0000031999,귀
32418.0,28,2018.0,좌측면,단어,KETI_SL_0000032418,귀
32837.0,28,2018.0,우측면,단어,KETI_SL_0000032837,귀
33256.0,29,2018.0,정면,단어,KETI_SL_0000033256,귀
33675.0,29,2018.0,좌측면,단어,KETI_SL_0000033675,귀
34094.0,29,2018.0,우측면,단어,KETI_SL_0000034094,귀
34513.0,30,2018.0,정면,단어,KETI_SL_0000034513,귀
34932.0,30,2018.0,좌측면,단어,KETI_SL_0000034932,귀
35351.0,30,2018.0,우측면,단어,KETI_SL_0000035351,귀
35770.0,.,2018.0,정면,단어,KETI_SL_0000035770,귀
36189.0,.,2018.0,좌측면,단어,KETI_SL_0000036189,귀
36608.0,.,2018.0,우측면,단어,KETI_SL_0000036608,귀
10635.0,11,2018.0,정면,단어,KETI_SL_0000010635,기절
11054.0,11,2018.0,좌측면,단어,KETI_SL_0000011054,기절
11473.0,11,2018.0,우측면,단어,KETI_SL_0000011473,기절
11892.0,12,2018.0,정면,단어,KETI_SL_0000011892,기절
12311.0,12,2018.0,좌측면,단어,KETI_SL_0000012311,기절
12730.0,12,2018.0,우측면,단어,KETI_SL_0000012730,기절
13149.0,13,2018.0,정면,단어,KETI_SL_0000013149,기절
13568.0,13,2018.0,좌측면,단어,KETI_SL_0000013568,기절
13987.0,13,2018.0,우측면,단어,KETI_SL_0000013987,기절
14406.0,14,2018.0,정면,단어,KETI_SL_0000014406,기절
14825.0,14,2018.0,좌측면,단어,KETI_SL_0000014825,기절
15244.0,14,2018.0,우측면,단어,KETI_SL_0000015244,기절
15663.0,15,2018.0,정면,단어,KETI_SL_0000015663,기절
16082.0,15,2018.0,좌측면,단어,KETI_SL_0000016082,기절
16501.0,15,2018.0,우측면,단어,KETI_SL_0000016501,기절
16920.0,16,2018.0,정면,단어,KETI_SL_0000016920,기절
17339.0,16,2018.0,좌측면,단어,KETI_SL_0000017339,기절
17758.0,16,2018.0,우측면,단어,KETI_SL_0000017758,기절
18177.0,17,2018.0,정면,단어,KETI_SL_0000018177,기절
18596.0,17,2018.0,좌측면,단어,KETI_SL_0000018596,기절
19015.0,17,2018.0,우측면,단어,KETI_SL_0000019015,기절
19434.0,18,2018.0,정면,단어,KETI_SL_0000019434,기절
19853.0,18,2018.0,좌측면,단어,KETI_SL_0000019853,기절
20272.0,18,2018.0,우측면,단어,KETI_SL_0000020272,기절
20691.0,19,2018.0,정면,단어,KETI_SL_0000020691,기절
21110.0,19,2018.0,좌측면,단어,KETI_SL_0000021110,기절
21529.0,19,2018.0,우측면,단어,KETI_SL_0000021529,기절
21948.0,20,2018.0,정면,단어,KETI_SL_0000021948,기절
22367.0,20,2018.0,좌측면,단어,KETI_SL_0000022367,기절
22786.0,20,2018.0,우측면,단어,KETI_SL_0000022786,기절
23205.0,21,2018.0,정면,단어,KETI_SL_0000023205,기절
23624.0,21,2018.0,좌측면,단어,KETI_SL_0000023624,기절
24043.0,21,2018.0,우측면,단어,KETI_SL_0000024043,기절
24462.0,22,2018.0,정면,단어,KETI_SL_0000024462,기절
24881.0,22,2018.0,좌측면,단어,KETI_SL_0000024881,기절
25300.0,22,2018.0,우측면,단어,KETI_SL_0000025300,기절
25719.0,23,2018.0,정면,단어,KETI_SL_0000025719,기절
26138.0,23,2018.0,좌측면,단어,KETI_SL_0000026138,기절
26557.0,23,2018.0,우측면,단어,KETI_SL_0000026557,기절
26976.0,24,2018.0,정면,단어,KETI_SL_0000026976,기절
27395.0,24,2018.0,좌측면,단어,KETI_SL_0000027395,기절
27814.0,24,2018.0,우측면,단어,KETI_SL_0000027814,기절
28233.0,25,2018.0,정면,단어,KETI_SL_0000028233,기절
28652.0,25,2018.0,좌측면,단어,KETI_SL_0000028652,기절
29071.0,25,2018.0,우측면,단어,KETI_SL_0000029071,기절
29490.0,26,2018.0,정면,단어,KETI_SL_0000029490,기절
29909.0,26,2018.0,좌측면,단어,KETI_SL_0000029909,기절
30328.0,26,2018.0,우측면,단어,KETI_SL_0000030328,기절
30747.0,27,2018.0,정면,단어,KETI_SL_0000030747,기절
31166.0,27,2018.0,좌측면,단어,KETI_SL_0000031166,기절
31585.0,27,2018.0,우측면,단어,KETI_SL_0000031585,기절
32004.0,28,2018.0,정면,단어,KETI_SL_0000032004,기절
32423.0,28,2018.0,좌측면,단어,KETI_SL_0000032423,기절
32842.0,28,2018.0,우측면,단어,KETI_SL_0000032842,기절
33261.0,29,2018.0,정면,단어,KETI_SL_0000033261,기절
33680.0,29,2018.0,좌측면,단어,KETI_SL_0000033680,기절
34099.0,29,2018.0,우측면,단어,KETI_SL_0000034099,기절
34518.0,30,2018.0,정면,단어,KETI_SL_0000034518,기절
34937.0,30,2018.0,좌측면,단어,KETI_SL_0000034937,기절
35356.0,30,2018.0,우측면,단어,KETI_SL_0000035356,기절
35775.0,.,2018.0,정면,단어,KETI_SL_0000035775,기절
36194.0,.,2018.0,좌측면,단어,KETI_SL_0000036194,기절
36613.0,.,2018.0,우측면,단어,KETI_SL_0000036613,기절
10657.0,11,2018.0,정면,단어,KETI_SL_0000010657,눈
11076.0,11,2018.0,좌측면,단어,KETI_SL_0000011076,눈
11495.0,11,2018.0,우측면,단어,KETI_SL_0000011495,눈
11914.0,12,2018.0,정면,단어,KETI_SL_0000011914,눈
12333.0,12,2018.0,좌측면,단어,KETI_SL_0000012333,눈
12752.0,12,2018.0,우측면,단어,KETI_SL_0000012752,눈
13171.0,13,2018.0,정면,단어,KETI_SL_0000013171,눈
13590.0,13,2018.0,좌측면,단어,KETI_SL_0000013590,눈
14009.0,13,2018.0,우측면,단어,KETI_SL_0000014009,눈
14428.0,14,2018.0,정면,단어,KETI_SL_0000014428,눈
14847.0,14,2018.0,좌측면,단어,KETI_SL_0000014847,눈
15266.0,14,2018.0,우측면,단어,KETI_SL_0000015266,눈
15685.0,15,2018.0,정면,단어,KETI_SL_0000015685,눈
16104.0,15,2018.0,좌측면,단어,KETI_SL_0000016104,눈
16523.0,15,2018.0,우측면,단어,KETI_SL_0000016523,눈
16942.0,16,2018.0,정면,단어,KETI_SL_0000016942,눈
17361.0,16,2018.0,좌측면,단어,KETI_SL_0000017361,눈
17780.0,16,2018.0,우측면,단어,KETI_SL_0000017780,눈
18199.0,17,2018.0,정면,단어,KETI_SL_0000018199,눈
18618.0,17,2018.0,좌측면,단어,KETI_SL_0000018618,눈
19037.0,17,2018.0,우측면,단어,KETI_SL_0000019037,눈
19456.0,18,2018.0,정면,단어,KETI_SL_0000019456,눈
19875.0,18,2018.0,좌측면,단어,KETI_SL_0000019875,눈
20294.0,18,2018.0,우측면,단어,KETI_SL_0000020294,눈
20713.0,19,2018.0,정면,단어,KETI_SL_0000020713,눈
21132.0,19,2018.0,좌측면,단어,KETI_SL_0000021132,눈
21551.0,19,2018.0,우측면,단어,KETI_SL_0000021551,눈
21970.0,20,2018.0,정면,단어,KETI_SL_0000021970,눈
22389.0,20,2018.0,좌측면,단어,KETI_SL_0000022389,눈
22808.0,20,2018.0,우측면,단어,KETI_SL_0000022808,눈
23227.0,21,2018.0,정면,단어,KETI_SL_0000023227,눈
23646.0,21,2018.0,좌측면,단어,KETI_SL_0000023646,눈
24065.0,21,2018.0,우측면,단어,KETI_SL_0000024065,눈
24484.0,22,2018.0,정면,단어,KETI_SL_0000024484,눈
24903.0,22,2018.0,좌측면,단어,KETI_SL_0000024903,눈
25322.0,22,2018.0,우측면,단어,KETI_SL_0000025322,눈
25741.0,23,2018.0,정면,단어,KETI_SL_0000025741,눈
26160.0,23,2018.0,좌측면,단어,KETI_SL_0000026160,눈
26579.0,23,2018.0,우측면,단어,KETI_SL_0000026579,눈
26998.0,24,2018.0,정면,단어,KETI_SL_0000026998,눈
27417.0,24,2018.0,좌측면,단어,KETI_SL_0000027417,눈
27836.0,24,2018.0,우측면,단어,KETI_SL_0000027836,눈
28255.0,25,2018.0,정면,단어,KETI_SL_0000028255,눈
28674.0,25,2018.0,좌측면,단어,KETI_SL_0000028674,눈
29093.0,25,2018.0,우측면,단어,KETI_SL_0000029093,눈
29512.0,26,2018.0,정면,단어,KETI_SL_0000029512,눈
29931.0,26,2018.0,좌측면,단어,KETI_SL_0000029931,눈
30350.0,26,2018.0,우측면,단어,KETI_SL_0000030350,눈
30769.0,27,2018.0,정면,단어,KETI_SL_0000030769,눈
31188.0,27,2018.0,좌측면,단어,KETI_SL_0000031188,눈
31607.0,27,2018.0,우측면,단어,KETI_SL_0000031607,눈
32026.0,28,2018.0,정면,단어,KETI_SL_0000032026,눈
32445.0,28,2018.0,좌측면,단어,KETI_SL_0000032445,눈
32864.0,28,2018.0,우측면,단어,KETI_SL_0000032864,눈
33283.0,29,2018.0,정면,단어,KETI_SL_0000033283,눈
33702.0,29,2018.0,좌측면,단어,KETI_SL_0000033702,눈
34121.0,29,2018.0,우측면,단어,KETI_SL_0000034121,눈
34540.0,30,2018.0,정면,단어,KETI_SL_0000034540,눈
34959.0,30,2018.0,좌측면,단어,KETI_SL_0000034959,눈
35378.0,30,2018.0,우측면,단어,KETI_SL_0000035378,눈
35797.0,.,2018.0,정면,단어,KETI_SL_0000035797,눈
36216.0,.,2018.0,좌측면,단어,KETI_SL_0000036216,눈
36635.0,.,2018.0,우측면,단어,KETI_SL_0000036635,눈
10658.0,11,2018.0,정면,단어,KETI_SL_0000010658,다리
11077.0,11,2018.0,좌측면,단어,KETI_SL_0000011077,다리
11496.0,11,2018.0,우측면,단어,KETI_SL_0000011496,다리
11915.0,12,2018.0,정면,단어,KETI_SL_0000011915,다리
12334.0,12,2018.0,좌측면,단어,KETI_SL_0000012334,다리
12753.0,12,2018.0,우측면,단어,KETI_SL_0000012753,다리
13172.0,13,2018.0,정면,단어,KETI_SL_0000013172,다리
13591.0,13,2018.0,좌측면,단어,KETI_SL_0000013591,다리
14010.0,13,2018.0,우측면,단어,KETI_SL_0000014010,다리
14429.0,14,2018.0,정면,단어,KETI_SL_0000014429,다리
14848.0,14,2018.0,좌측면,단어,KETI_SL_0000014848,다리
15267.0,14,2018.0,우측면,단어,KETI_SL_0000015267,다리
15686.0,15,2018.0,정면,단어,KETI_SL_0000015686,다리
16105.0,15,2018.0,좌측면,단어,KETI_SL_0000016105,다리
16524.0,15,2018.0,우측면,단어,KETI_SL_0000016524,다리
16943.0,16,2018.0,정면,단어,KETI_SL_0000016943,다리
17362.0,16,2018.0,좌측면,단어,KETI_SL_0000017362,다리
17781.0,16,2018.0,우측면,단어,KETI_SL_0000017781,다리
18200.0,17,2018.0,정면,단어,KETI_SL_0000018200,다리
18619.0,17,2018.0,좌측면,단어,KETI_SL_0000018619,다리
19038.0,17,2018.0,우측면,단어,KETI_SL_0000019038,다리
19457.0,18,2018.0,정면,단어,KETI_SL_0000019457,다리
19876.0,18,2018.0,좌측면,단어,KETI_SL_0000019876,다리
20295.0,18,2018.0,우측면,단어,KETI_SL_0000020295,다리
20714.0,19,2018.0,정면,단어,KETI_SL_0000020714,다리
21133.0,19,2018.0,좌측면,단어,KETI_SL_0000021133,다리
21552.0,19,2018.0,우측면,단어,KETI_SL_0000021552,다리
21971.0,20,2018.0,정면,단어,KETI_SL_0000021971,다리
22390.0,20,2018.0,좌측면,단어,KETI_SL_0000022390,다리
22809.0,20,2018.0,우측면,단어,KETI_SL_0000022809,다리
23228.0,21,2018.0,정면,단어,KETI_SL_0000023228,다리
23647.0,21,2018.0,좌측면,단어,KETI_SL_0000023647,다리
24066.0,21,2018.0,우측면,단어,KETI_SL_0000024066,다리
24485.0,22,2018.0,정면,단어,KETI_SL_0000024485,다리
24904.0,22,2018.0,좌측면,단어,KETI_SL_0000024904,다리
25323.0,22,2018.0,우측면,단어,KETI_SL_0000025323,다리
25742.0,23,2018.0,정면,단어,KETI_SL_0000025742,다리
26161.0,23,2018.0,좌측면,단어,KETI_SL_0000026161,다리
26580.0,23,2018.0,우측면,단어,KETI_SL_0000026580,다리
26999.0,24,2018.0,정면,단어,KETI_SL_0000026999,다리
27418.0,24,2018.0,좌측면,단어,KETI_SL_0000027418,다리
27837.0,24,2018.0,우측면,단어,KETI_SL_0000027837,다리
28256.0,25,2018.0,정면,단어,KETI_SL_0000028256,다리
28675.0,25,2018.0,좌측면,단어,KETI_SL_0000028675,다리
29094.0,25,2018.0,우측면,단어,KETI_SL_0000029094,다리
29513.0,26,2018.0,정면,단어,KETI_SL_0000029513,다리
29932.0,26,2018.0,좌측면,단어,KETI_SL_0000029932,다리
30351.0,26,2018.0,우측면,단어,KETI_SL_0000030351,다리
30770.0,27,2018.0,정면,단어,KETI_SL_0000030770,다리
31189.0,27,2018.0,좌측면,단어,KETI_SL_0000031189,다리
31608.0,27,2018.0,우측면,단어,KETI_SL_0000031608,다리
32027.0,28,2018.0,정면,단어,KETI_SL_0000032027,다리
32446.0,28,2018.0,좌측면,단어,KETI_SL_0000032446,다리
32865.0,28,2018.0,우측면,단어,KETI_SL_0000032865,다리
33284.0,29,2018.0,정면,단어,KETI_SL_0000033284,다리
33703.0,29,2018.0,좌측면,단어,KETI_SL_0000033703,다리
34122.0,29,2018.0,우측면,단어,KETI_SL_0000034122,다리
34541.0,30,2018.0,정면,단어,KETI_SL_0000034541,다리
34960.0,30,2018.0,좌측면,단어,KETI_SL_0000034960,다리
35379.0,30,2018.0,우측면,단어,KETI_SL_0000035379,다리
35798.0,.,2018.0,정면,단어,KETI_SL_0000035798,다리
36217.0,.,2018.0,좌측면,단어,KETI_SL_0000036217,다리
36636.0,.,2018.0,우측면,단어,KETI_SL_0000036636,다리
10676.0,11,2018.0,정면,단어,KETI_SL_0000010676,등
11095.0,11,2018.0,좌측면,단어,KETI_SL_0000011095,등
11514.0,11,2018.0,우측면,단어,KETI_SL_0000011514,등
11933.0,12,2018.0,정면,단어,KETI_SL_0000011933,등
12352.0,12,2018.0,좌측면,단어,KETI_SL_0000012352,등
12771.0,12,2018.0,우측면,단어,KETI_SL_0000012771,등
13190.0,13,2018.0,정면,단어,KETI_SL_0000013190,등
13609.0,13,2018.0,좌측면,단어,KETI_SL_0000013609,등
14028.0,13,2018.0,우측면,단어,KETI_SL_0000014028,등
14447.0,14,2018.0,정면,단어,KETI_SL_0000014447,등
14866.0,14,2018.0,좌측면,단어,KETI_SL_0000014866,등
15285.0,14,2018.0,우측면,단어,KETI_SL_0000015285,등
15704.0,15,2018.0,정면,단어,KETI_SL_0000015704,등
16123.0,15,2018.0,좌측면,단어,KETI_SL_0000016123,등
16542.0,15,2018.0,우측면,단어,KETI_SL_0000016542,등
16961.0,16,2018.0,정면,단어,KETI_SL_0000016961,등
17380.0,16,2018.0,좌측면,단어,KETI_SL_0000017380,등
17799.0,16,2018.0,우측면,단어,KETI_SL_0000017799,등
18218.0,17,2018.0,정면,단어,KETI_SL_0000018218,등
18637.0,17,2018.0,좌측면,단어,KETI_SL_0000018637,등
19056.0,17,2018.0,우측면,단어,KETI_SL_0000019056,등
19475.0,18,2018.0,정면,단어,KETI_SL_0000019475,등
19894.0,18,2018.0,좌측면,단어,KETI_SL_0000019894,등
20313.0,18,2018.0,우측면,단어,KETI_SL_0000020313,등
20732.0,19,2018.0,정면,단어,KETI_SL_0000020732,등
21151.0,19,2018.0,좌측면,단어,KETI_SL_0000021151,등
21570.0,19,2018.0,우측면,단어,KETI_SL_0000021570,등
21989.0,20,2018.0,정면,단어,KETI_SL_0000021989,등
22408.0,20,2018.0,좌측면,단어,KETI_SL_0000022408,등
22827.0,20,2018.0,우측면,단어,KETI_SL_0000022827,등
23246.0,21,2018.0,정면,단어,KETI_SL_0000023246,등
23665.0,21,2018.0,좌측면,단어,KETI_SL_0000023665,등
24084.0,21,2018.0,우측면,단어,KETI_SL_0000024084,등
24503.0,22,2018.0,정면,단어,KETI_SL_0000024503,등
24922.0,22,2018.0,좌측면,단어,KETI_SL_0000024922,등
25341.0,22,2018.0,우측면,단어,KETI_SL_0000025341,등
25760.0,23,2018.0,정면,단어,KETI_SL_0000025760,등
26179.0,23,2018.0,좌측면,단어,KETI_SL_0000026179,등
26598.0,23,2018.0,우측면,단어,KETI_SL_0000026598,등
27017.0,24,2018.0,정면,단어,KETI_SL_0000027017,등
27436.0,24,2018.0,좌측면,단어,KETI_SL_0000027436,등
27855.0,24,2018.0,우측면,단어,KETI_SL_0000027855,등
28274.0,25,2018.0,정면,단어,KETI_SL_0000028274,등
28693.0,25,2018.0,좌측면,단어,KETI_SL_0000028693,등
29112.0,25,2018.0,우측면,단어,KETI_SL_0000029112,등
29531.0,26,2018.0,정면,단어,KETI_SL_0000029531,등
29950.0,26,2018.0,좌측면,단어,KETI_SL_0000029950,등
30369.0,26,2018.0,우측면,단어,KETI_SL_0000030369,등
30788.0,27,2018.0,정면,단어,KETI_SL_0000030788,등
31207.0,27,2018.0,좌측면,단어,KETI_SL_0000031207,등
31626.0,27,2018.0,우측면,단어,KETI_SL_0000031626,등
32045.0,28,2018.0,정면,단어,KETI_SL_0000032045,등
32464.0,28,2018.0,좌측면,단어,KETI_SL_0000032464,등
32883.0,28,2018.0,우측면,단어,KETI_SL_0000032883,등
33302.0,29,2018.0,정면,단어,KETI_SL_0000033302,등
33721.0,29,2018.0,좌측면,단어,KETI_SL_0000033721,등
34140.0,29,2018.0,우측면,단어,KETI_SL_0000034140,등
34559.0,30,2018.0,정면,단어,KETI_SL_0000034559,등
34978.0,30,2018.0,좌측면,단어,KETI_SL_0000034978,등
35397.0,30,2018.0,우측면,단어,KETI_SL_0000035397,등
35816.0,.,2018.0,정면,단어,KETI_SL_0000035816,등
36235.0,.,2018.0,좌측면,단어,KETI_SL_0000036235,등
36654.0,.,2018.0,우측면,단어,KETI_SL_0000036654,등
10686.0,11,2018.0,정면,단어,KETI_SL_0000010686,머리
11105.0,11,2018.0,좌측면,단어,KETI_SL_0000011105,머리
11524.0,11,2018.0,우측면,단어,KETI_SL_0000011524,머리
11943.0,12,2018.0,정면,단어,KETI_SL_0000011943,머리
12362.0,12,2018.0,좌측면,단어,KETI_SL_0000012362,머리
12781.0,12,2018.0,우측면,단어,KETI_SL_0000012781,머리
13200.0,13,2018.0,정면,단어,KETI_SL_0000013200,머리
13619.0,13,2018.0,좌측면,단어,KETI_SL_0000013619,머리
14038.0,13,2018.0,우측면,단어,KETI_SL_0000014038,머리
14457.0,14,2018.0,정면,단어,KETI_SL_0000014457,머리
14876.0,14,2018.0,좌측면,단어,KETI_SL_0000014876,머리
15295.0,14,2018.0,우측면,단어,KETI_SL_0000015295,머리
15714.0,15,2018.0,정면,단어,KETI_SL_0000015714,머리
16133.0,15,2018.0,좌측면,단어,KETI_SL_0000016133,머리
16552.0,15,2018.0,우측면,단어,KETI_SL_0000016552,머리
16971.0,16,2018.0,정면,단어,KETI_SL_0000016971,머리
17390.0,16,2018.0,좌측면,단어,KETI_SL_0000017390,머리
17809.0,16,2018.0,우측면,단어,KETI_SL_0000017809,머리
18228.0,17,2018.0,정면,단어,KETI_SL_0000018228,머리
18647.0,17,2018.0,좌측면,단어,KETI_SL_0000018647,머리
19066.0,17,2018.0,우측면,단어,KETI_SL_0000019066,머리
19485.0,18,2018.0,정면,단어,KETI_SL_0000019485,머리
19904.0,18,2018.0,좌측면,단어,KETI_SL_0000019904,머리
20323.0,18,2018.0,우측면,단어,KETI_SL_0000020323,머리
20742.0,19,2018.0,정면,단어,KETI_SL_0000020742,머리
21161.0,19,2018.0,좌측면,단어,KETI_SL_0000021161,머리
21580.0,19,2018.0,우측면,단어,KETI_SL_0000021580,머리
21999.0,20,2018.0,정면,단어,KETI_SL_0000021999,머리
22418.0,20,2018.0,좌측면,단어,KETI_SL_0000022418,머리
22837.0,20,2018.0,우측면,단어,KETI_SL_0000022837,머리
23256.0,21,2018.0,정면,단어,KETI_SL_0000023256,머리
23675.0,21,2018.0,좌측면,단어,KETI_SL_0000023675,머리
24094.0,21,2018.0,우측면,단어,KETI_SL_0000024094,머리
24513.0,22,2018.0,정면,단어,KETI_SL_0000024513,머리
24932.0,22,2018.0,좌측면,단어,KETI_SL_0000024932,머리
25351.0,22,2018.0,우측면,단어,KETI_SL_0000025351,머리
25770.0,23,2018.0,정면,단어,KETI_SL_0000025770,머리
26189.0,23,2018.0,좌측면,단어,KETI_SL_0000026189,머리
26608.0,23,2018.0,우측면,단어,KETI_SL_0000026608,머리
27027.0,24,2018.0,정면,단어,KETI_SL_0000027027,머리
27446.0,24,2018.0,좌측면,단어,KETI_SL_0000027446,머리
27865.0,24,2018.0,우측면,단어,KETI_SL_0000027865,머리
28284.0,25,2018.0,정면,단어,KETI_SL_0000028284,머리
28703.0,25,2018.0,좌측면,단어,KETI_SL_0000028703,머리
29122.0,25,2018.0,우측면,단어,KETI_SL_0000029122,머리
29541.0,26,2018.0,정면,단어,KETI_SL_0000029541,머리
29960.0,26,2018.0,좌측면,단어,KETI_SL_0000029960,머리
30379.0,26,2018.0,우측면,단어,KETI_SL_0000030379,머리
30798.0,27,2018.0,정면,단어,KETI_SL_0000030798,머리
31217.0,27,2018.0,좌측면,단어,KETI_SL_0000031217,머리
31636.0,27,2018.0,우측면,단어,KETI_SL_0000031636,머리
32055.0,28,2018.0,정면,단어,KETI_SL_0000032055,머리
32474.0,28,2018.0,좌측면,단어,KETI_SL_0000032474,머리
32893.0,28,2018.0,우측면,단어,KETI_SL_0000032893,머리
33312.0,29,2018.0,정면,단어,KETI_SL_0000033312,머리
33731.0,29,2018.0,좌측면,단어,KETI_SL_0000033731,머리
34150.0,29,2018.0,우측면,단어,KETI_SL_0000034150,머리
34569.0,30,2018.0,정면,단어,KETI_SL_0000034569,머리
34988.0,30,2018.0,좌측면,단어,KETI_SL_0000034988,머리
35407.0,30,2018.0,우측면,단어,KETI_SL_0000035407,머리
35826.0,.,2018.0,정면,단어,KETI_SL_0000035826,머리
36245.0,.,2018.0,좌측면,단어,KETI_SL_0000036245,머리
36664.0,.,2018.0,우측면,단어,KETI_SL_0000036664,머리
10688.0,11,2018.0,정면,단어,KETI_SL_0000010688,목
11107.0,11,2018.0,좌측면,단어,KETI_SL_0000011107,목
11526.0,11,2018.0,우측면,단어,KETI_SL_0000011526,목
11945.0,12,2018.0,정면,단어,KETI_SL_0000011945,목
12364.0,12,2018.0,좌측면,단어,KETI_SL_0000012364,목
12783.0,12,2018.0,우측면,단어,KETI_SL_0000012783,목
13202.0,13,2018.0,정면,단어,KETI_SL_0000013202,목
13621.0,13,2018.0,좌측면,단어,KETI_SL_0000013621,목
14040.0,13,2018.0,우측면,단어,KETI_SL_0000014040,목
14459.0,14,2018.0,정면,단어,KETI_SL_0000014459,목
14878.0,14,2018.0,좌측면,단어,KETI_SL_0000014878,목
15297.0,14,2018.0,우측면,단어,KETI_SL_0000015297,목
15716.0,15,2018.0,정면,단어,KETI_SL_0000015716,목
16135.0,15,2018.0,좌측면,단어,KETI_SL_0000016135,목
16554.0,15,2018.0,우측면,단어,KETI_SL_0000016554,목
16973.0,16,2018.0,정면,단어,KETI_SL_0000016973,목
17392.0,16,2018.0,좌측면,단어,KETI_SL_0000017392,목
17811.0,16,2018.0,우측면,단어,KETI_SL_0000017811,목
18230.0,17,2018.0,정면,단어,KETI_SL_0000018230,목
18649.0,17,2018.0,좌측면,단어,KETI_SL_0000018649,목
19068.0,17,2018.0,우측면,단어,KETI_SL_0000019068,목
19487.0,18,2018.0,정면,단어,KETI_SL_0000019487,목
19906.0,18,2018.0,좌측면,단어,KETI_SL_0000019906,목
20325.0,18,2018.0,우측면,단어,KETI_SL_0000020325,목
20744.0,19,2018.0,정면,단어,KETI_SL_0000020744,목
21163.0,19,2018.0,좌측면,단어,KETI_SL_0000021163,목
21582.0,19,2018.0,우측면,단어,KETI_SL_0000021582,목
22001.0,20,2018.0,정면,단어,KETI_SL_0000022001,목
22420.0,20,2018.0,좌측면,단어,KETI_SL_0000022420,목
22839.0,20,2018.0,우측면,단어,KETI_SL_0000022839,목
23258.0,21,2018.0,정면,단어,KETI_SL_0000023258,목
23677.0,21,2018.0,좌측면,단어,KETI_SL_0000023677,목
24096.0,21,2018.0,우측면,단어,KETI_SL_0000024096,목
24515.0,22,2018.0,정면,단어,KETI_SL_0000024515,목
24934.0,22,2018.0,좌측면,단어,KETI_SL_0000024934,목
25353.0,22,2018.0,우측면,단어,KETI_SL_0000025353,목
25772.0,23,2018.0,정면,단어,KETI_SL_0000025772,목
26191.0,23,2018.0,좌측면,단어,KETI_SL_0000026191,목
26610.0,23,2018.0,우측면,단어,KETI_SL_0000026610,목
27029.0,24,2018.0,정면,단어,KETI_SL_0000027029,목
27448.0,24,2018.0,좌측면,단어,KETI_SL_0000027448,목
27867.0,24,2018.0,우측면,단어,KETI_SL_0000027867,목
28286.0,25,2018.0,정면,단어,KETI_SL_0000028286,목
28705.0,25,2018.0,좌측면,단어,KETI_SL_0000028705,목
29124.0,25,2018.0,우측면,단어,KETI_SL_0000029124,목
29543.0,26,2018.0,정면,단어,KETI_SL_0000029543,목
29962.0,26,2018.0,좌측면,단어,KETI_SL_0000029962,목
30381.0,26,2018.0,우측면,단어,KETI_SL_0000030381,목
30800.0,27,2018.0,정면,단어,KETI_SL_0000030800,목
31219.0,27,2018.0,좌측면,단어,KETI_SL_0000031219,목
31638.0,27,2018.0,우측면,단어,KETI_SL_0000031638,목
32057.0,28,2018.0,정면,단어,KETI_SL_0000032057,목
32476.0,28,2018.0,좌측면,단어,KETI_SL_0000032476,목
32895.0,28,2018.0,우측면,단어,KETI_SL_0000032895,목
33314.0,29,2018.0,정면,단어,KETI_SL_0000033314,목
33733.0,29,2018.0,좌측면,단어,KETI_SL_0000033733,목
34152.0,29,2018.0,우측면,단어,KETI_SL_0000034152,목
34571.0,30,2018.0,정면,단어,KETI_SL_0000034571,목
34990.0,30,2018.0,좌측면,단어,KETI_SL_0000034990,목
35409.0,30,2018.0,우측면,단어,KETI_SL_0000035409,목
35828.0,.,2018.0,정면,단어,KETI_SL_0000035828,목
36247.0,.,2018.0,좌측면,단어,KETI_SL_0000036247,목
36666.0,.,2018.0,우측면,단어,KETI_SL_0000036666,목
10692.0,11,2018.0,정면,단어,KETI_SL_0000010692,무릎
11111.0,11,2018.0,좌측면,단어,KETI_SL_0000011111,무릎
11530.0,11,2018.0,우측면,단어,KETI_SL_0000011530,무릎
11949.0,12,2018.0,정면,단어,KETI_SL_0000011949,무릎
12368.0,12,2018.0,좌측면,단어,KETI_SL_0000012368,무릎
12787.0,12,2018.0,우측면,단어,KETI_SL_0000012787,무릎
13206.0,13,2018.0,정면,단어,KETI_SL_0000013206,무릎
13625.0,13,2018.0,좌측면,단어,KETI_SL_0000013625,무릎
14044.0,13,2018.0,우측면,단어,KETI_SL_0000014044,무릎
14463.0,14,2018.0,정면,단어,KETI_SL_0000014463,무릎
14882.0,14,2018.0,좌측면,단어,KETI_SL_0000014882,무릎
15301.0,14,2018.0,우측면,단어,KETI_SL_0000015301,무릎
15720.0,15,2018.0,정면,단어,KETI_SL_0000015720,무릎
16139.0,15,2018.0,좌측면,단어,KETI_SL_0000016139,무릎
16558.0,15,2018.0,우측면,단어,KETI_SL_0000016558,무릎
16977.0,16,2018.0,정면,단어,KETI_SL_0000016977,무릎
17396.0,16,2018.0,좌측면,단어,KETI_SL_0000017396,무릎
17815.0,16,2018.0,우측면,단어,KETI_SL_0000017815,무릎
18234.0,17,2018.0,정면,단어,KETI_SL_0000018234,무릎
18653.0,17,2018.0,좌측면,단어,KETI_SL_0000018653,무릎
19072.0,17,2018.0,우측면,단어,KETI_SL_0000019072,무릎
19491.0,18,2018.0,정면,단어,KETI_SL_0000019491,무릎
19910.0,18,2018.0,좌측면,단어,KETI_SL_0000019910,무릎
20329.0,18,2018.0,우측면,단어,KETI_SL_0000020329,무릎
20748.0,19,2018.0,정면,단어,KETI_SL_0000020748,무릎
21167.0,19,2018.0,좌측면,단어,KETI_SL_0000021167,무릎
21586.0,19,2018.0,우측면,단어,KETI_SL_0000021586,무릎
22005.0,20,2018.0,정면,단어,KETI_SL_0000022005,무릎
22424.0,20,2018.0,좌측면,단어,KETI_SL_0000022424,무릎
22843.0,20,2018.0,우측면,단어,KETI_SL_0000022843,무릎
23262.0,21,2018.0,정면,단어,KETI_SL_0000023262,무릎
23681.0,21,2018.0,좌측면,단어,KETI_SL_0000023681,무릎
24100.0,21,2018.0,우측면,단어,KETI_SL_0000024100,무릎
24519.0,22,2018.0,정면,단어,KETI_SL_0000024519,무릎
24938.0,22,2018.0,좌측면,단어,KETI_SL_0000024938,무릎
25357.0,22,2018.0,우측면,단어,KETI_SL_0000025357,무릎
25776.0,23,2018.0,정면,단어,KETI_SL_0000025776,무릎
26195.0,23,2018.0,좌측면,단어,KETI_SL_0000026195,무릎
26614.0,23,2018.0,우측면,단어,KETI_SL_0000026614,무릎
27033.0,24,2018.0,정면,단어,KETI_SL_0000027033,무릎
27452.0,24,2018.0,좌측면,단어,KETI_SL_0000027452,무릎
27871.0,24,2018.0,우측면,단어,KETI_SL_0000027871,무릎
28290.0,25,2018.0,정면,단어,KETI_SL_0000028290,무릎
28709.0,25,2018.0,좌측면,단어,KETI_SL_0000028709,무릎
29128.0,25,2018.0,우측면,단어,KETI_SL_0000029128,무릎
29547.0,26,2018.0,정면,단어,KETI_SL_0000029547,무릎
29966.0,26,2018.0,좌측면,단어,KETI_SL_0000029966,무릎
30385.0,26,2018.0,우측면,단어,KETI_SL_0000030385,무릎
30804.0,27,2018.0,정면,단어,KETI_SL_0000030804,무릎
31223.0,27,2018.0,좌측면,단어,KETI_SL_0000031223,무릎
31642.0,27,2018.0,우측면,단어,KETI_SL_0000031642,무릎
32061.0,28,2018.0,정면,단어,KETI_SL_0000032061,무릎
32480.0,28,2018.0,좌측면,단어,KETI_SL_0000032480,무릎
32899.0,28,2018.0,우측면,단어,KETI_SL_0000032899,무릎
33318.0,29,2018.0,정면,단어,KETI_SL_0000033318,무릎
33737.0,29,2018.0,좌측면,단어,KETI_SL_0000033737,무릎
34156.0,29,2018.0,우측면,단어,KETI_SL_0000034156,무릎
34575.0,30,2018.0,정면,단어,KETI_SL_0000034575,무릎
34994.0,30,2018.0,좌측면,단어,KETI_SL_0000034994,무릎
35413.0,30,2018.0,우측면,단어,KETI_SL_0000035413,무릎
35832.0,.,2018.0,정면,단어,KETI_SL_0000035832,무릎
36251.0,.,2018.0,좌측면,단어,KETI_SL_0000036251,무릎
36670.0,.,2018.0,우측면,단어,KETI_SL_0000036670,무릎
10699.0,11,2018.0,정면,단어,KETI_SL_0000010699,발
11118.0,11,2018.0,좌측면,단어,KETI_SL_0000011118,발
11537.0,11,2018.0,우측면,단어,KETI_SL_0000011537,발
11956.0,12,2018.0,정면,단어,KETI_SL_0000011956,발
12375.0,12,2018.0,좌측면,단어,KETI_SL_0000012375,발
12794.0,12,2018.0,우측면,단어,KETI_SL_0000012794,발
13213.0,13,2018.0,정면,단어,KETI_SL_0000013213,발
13632.0,13,2018.0,좌측면,단어,KETI_SL_0000013632,발
14051.0,13,2018.0,우측면,단어,KETI_SL_0000014051,발
14470.0,14,2018.0,정면,단어,KETI_SL_0000014470,발
14889.0,14,2018.0,좌측면,단어,KETI_SL_0000014889,발
15308.0,14,2018.0,우측면,단어,KETI_SL_0000015308,발
15727.0,15,2018.0,정면,단어,KETI_SL_0000015727,발
16146.0,15,2018.0,좌측면,단어,KETI_SL_0000016146,발
16565.0,15,2018.0,우측면,단어,KETI_SL_0000016565,발
16984.0,16,2018.0,정면,단어,KETI_SL_0000016984,발
17403.0,16,2018.0,좌측면,단어,KETI_SL_0000017403,발
17822.0,16,2018.0,우측면,단어,KETI_SL_0000017822,발
18241.0,17,2018.0,정면,단어,KETI_SL_0000018241,발
18660.0,17,2018.0,좌측면,단어,KETI_SL_0000018660,발
19079.0,17,2018.0,우측면,단어,KETI_SL_0000019079,발
19498.0,18,2018.0,정면,단어,KETI_SL_0000019498,발
19917.0,18,2018.0,좌측면,단어,KETI_SL_0000019917,발
20336.0,18,2018.0,우측면,단어,KETI_SL_0000020336,발
20755.0,19,2018.0,정면,단어,KETI_SL_0000020755,발
21174.0,19,2018.0,좌측면,단어,KETI_SL_0000021174,발
21593.0,19,2018.0,우측면,단어,KETI_SL_0000021593,발
22012.0,20,2018.0,정면,단어,KETI_SL_0000022012,발
22431.0,20,2018.0,좌측면,단어,KETI_SL_0000022431,발
22850.0,20,2018.0,우측면,단어,KETI_SL_0000022850,발
23269.0,21,2018.0,정면,단어,KETI_SL_0000023269,발
23688.0,21,2018.0,좌측면,단어,KETI_SL_0000023688,발
24107.0,21,2018.0,우측면,단어,KETI_SL_0000024107,발
24526.0,22,2018.0,정면,단어,KETI_SL_0000024526,발
24945.0,22,2018.0,좌측면,단어,KETI_SL_0000024945,발
25364.0,22,2018.0,우측면,단어,KETI_SL_0000025364,발
25783.0,23,2018.0,정면,단어,KETI_SL_0000025783,발
26202.0,23,2018.0,좌측면,단어,KETI_SL_0000026202,발
26621.0,23,2018.0,우측면,단어,KETI_SL_0000026621,발
27040.0,24,2018.0,정면,단어,KETI_SL_0000027040,발
27459.0,24,2018.0,좌측면,단어,KETI_SL_0000027459,발
27878.0,24,2018.0,우측면,단어,KETI_SL_0000027878,발
28297.0,25,2018.0,정면,단어,KETI_SL_0000028297,발
28716.0,25,2018.0,좌측면,단어,KETI_SL_0000028716,발
29135.0,25,2018.0,우측면,단어,KETI_SL_0000029135,발
29554.0,26,2018.0,정면,단어,KETI_SL_0000029554,발
29973.0,26,2018.0,좌측면,단어,KETI_SL_0000029973,발
30392.0,26,2018.0,우측면,단어,KETI_SL_0000030392,발
30811.0,27,2018.0,정면,단어,KETI_SL_0000030811,발
31230.0,27,2018.0,좌측면,단어,KETI_SL_0000031230,발
31649.0,27,2018.0,우측면,단어,KETI_SL_0000031649,발
32068.0,28,2018.0,정면,단어,KETI_SL_0000032068,발
32487.0,28,2018.0,좌측면,단어,KETI_SL_0000032487,발
32906.0,28,2018.0,우측면,단어,KETI_SL_0000032906,발
33325.0,29,2018.0,정면,단어,KETI_SL_0000033325,발
33744.0,29,2018.0,좌측면,단어,KETI_SL_0000033744,발
34163.0,29,2018.0,우측면,단어,KETI_SL_0000034163,발
34582.0,30,2018.0,정면,단어,KETI_SL_0000034582,발
35001.0,30,2018.0,좌측면,단어,KETI_SL_0000035001,발
35420.0,30,2018.0,우측면,단어,KETI_SL_0000035420,발
35839.0,.,2018.0,정면,단어,KETI_SL_0000035839,발
36258.0,.,2018.0,좌측면,단어,KETI_SL_0000036258,발
36677.0,.,2018.0,우측면,단어,KETI_SL_0000036677,발
10706.0,11,2018.0,정면,단어,KETI_SL_0000010706,복부
11125.0,11,2018.0,좌측면,단어,KETI_SL_0000011125,복부
11544.0,11,2018.0,우측면,단어,KETI_SL_0000011544,복부
11963.0,12,2018.0,정면,단어,KETI_SL_0000011963,복부
12382.0,12,2018.0,좌측면,단어,KETI_SL_0000012382,복부
12801.0,12,2018.0,우측면,단어,KETI_SL_0000012801,복부
13220.0,13,2018.0,정면,단어,KETI_SL_0000013220,복부
13639.0,13,2018.0,좌측면,단어,KETI_SL_0000013639,복부
14058.0,13,2018.0,우측면,단어,KETI_SL_0000014058,복부
14477.0,14,2018.0,정면,단어,KETI_SL_0000014477,복부
14896.0,14,2018.0,좌측면,단어,KETI_SL_0000014896,복부
15315.0,14,2018.0,우측면,단어,KETI_SL_0000015315,복부
15734.0,15,2018.0,정면,단어,KETI_SL_0000015734,복부
16153.0,15,2018.0,좌측면,단어,KETI_SL_0000016153,복부
16572.0,15,2018.0,우측면,단어,KETI_SL_0000016572,복부
16991.0,16,2018.0,정면,단어,KETI_SL_0000016991,복부
17410.0,16,2018.0,좌측면,단어,KETI_SL_0000017410,복부
17829.0,16,2018.0,우측면,단어,KETI_SL_0000017829,복부
18248.0,17,2018.0,정면,단어,KETI_SL_0000018248,복부
18667.0,17,2018.0,좌측면,단어,KETI_SL_0000018667,복부
19086.0,17,2018.0,우측면,단어,KETI_SL_0000019086,복부
19505.0,18,2018.0,정면,단어,KETI_SL_0000019505,복부
19924.0,18,2018.0,좌측면,단어,KETI_SL_0000019924,복부
20343.0,18,2018.0,우측면,단어,KETI_SL_0000020343,복부
20762.0,19,2018.0,정면,단어,KETI_SL_0000020762,복부
21181.0,19,2018.0,좌측면,단어,KETI_SL_0000021181,복부
21600.0,19,2018.0,우측면,단어,KETI_SL_0000021600,복부
22019.0,20,2018.0,정면,단어,KETI_SL_0000022019,복부
22438.0,20,2018.0,좌측면,단어,KETI_SL_0000022438,복부
22857.0,20,2018.0,우측면,단어,KETI_SL_0000022857,복부
23276.0,21,2018.0,정면,단어,KETI_SL_0000023276,복부
23695.0,21,2018.0,좌측면,단어,KETI_SL_0000023695,복부
24114.0,21,2018.0,우측면,단어,KETI_SL_0000024114,복부
24533.0,22,2018.0,정면,단어,KETI_SL_0000024533,복부
24952.0,22,2018.0,좌측면,단어,KETI_SL_0000024952,복부
25371.0,22,2018.0,우측면,단어,KETI_SL_0000025371,복부
25790.0,23,2018.0,정면,단어,KETI_SL_0000025790,복부
26209.0,23,2018.0,좌측면,단어,KETI_SL_0000026209,복부
26628.0,23,2018.0,우측면,단어,KETI_SL_0000026628,복부
27047.0,24,2018.0,정면,단어,KETI_SL_0000027047,복부
27466.0,24,2018.0,좌측면,단어,KETI_SL_0000027466,복부
27885.0,24,2018.0,우측면,단어,KETI_SL_0000027885,복부
28304.0,25,2018.0,정면,단어,KETI_SL_0000028304,복부
28723.0,25,2018.0,좌측면,단어,KETI_SL_0000028723,복부
29142.0,25,2018.0,우측면,단어,KETI_SL_0000029142,복부
29561.0,26,2018.0,정면,단어,KETI_SL_0000029561,복부
29980.0,26,2018.0,좌측면,단어,KETI_SL_0000029980,복부
30399.0,26,2018.0,우측면,단어,KETI_SL_0000030399,복부
30818.0,27,2018.0,정면,단어,KETI_SL_0000030818,복부
31237.0,27,2018.0,좌측면,단어,KETI_SL_0000031237,복부
31656.0,27,2018.0,우측면,단어,KETI_SL_0000031656,복부
32075.0,28,2018.0,정면,단어,KETI_SL_0000032075,복부
32494.0,28,2018.0,좌측면,단어,KETI_SL_0000032494,복부
32913.0,28,2018.0,우측면,단어,KETI_SL_0000032913,복부
33332.0,29,2018.0,정면,단어,KETI_SL_0000033332,복부
33751.0,29,2018.0,좌측면,단어,KETI_SL_0000033751,복부
34170.0,29,2018.0,우측면,단어,KETI_SL_0000034170,복부
34589.0,30,2018.0,정면,단어,KETI_SL_0000034589,복부
35008.0,30,2018.0,좌측면,단어,KETI_SL_0000035008,복부
35427.0,30,2018.0,우측면,단어,KETI_SL_0000035427,복부
35846.0,.,2018.0,정면,단어,KETI_SL_0000035846,복부
36265.0,.,2018.0,좌측면,단어,KETI_SL_0000036265,복부
36684.0,.,2018.0,우측면,단어,KETI_SL_0000036684,복부
10725.0,11,2018.0,정면,단어,KETI_SL_0000010725,뼈
11144.0,11,2018.0,좌측면,단어,KETI_SL_0000011144,뼈
11563.0,11,2018.0,우측면,단어,KETI_SL_0000011563,뼈
11982.0,12,2018.0,정면,단어,KETI_SL_0000011982,뼈
12401.0,12,2018.0,좌측면,단어,KETI_SL_0000012401,뼈
12820.0,12,2018.0,우측면,단어,KETI_SL_0000012820,뼈
13239.0,13,2018.0,정면,단어,KETI_SL_0000013239,뼈
13658.0,13,2018.0,좌측면,단어,KETI_SL_0000013658,뼈
14077.0,13,2018.0,우측면,단어,KETI_SL_0000014077,뼈
14496.0,14,2018.0,정면,단어,KETI_SL_0000014496,뼈
14915.0,14,2018.0,좌측면,단어,KETI_SL_0000014915,뼈
15334.0,14,2018.0,우측면,단어,KETI_SL_0000015334,뼈
15753.0,15,2018.0,정면,단어,KETI_SL_0000015753,뼈
16172.0,15,2018.0,좌측면,단어,KETI_SL_0000016172,뼈
16591.0,15,2018.0,우측면,단어,KETI_SL_0000016591,뼈
17010.0,16,2018.0,정면,단어,KETI_SL_0000017010,뼈
17429.0,16,2018.0,좌측면,단어,KETI_SL_0000017429,뼈
17848.0,16,2018.0,우측면,단어,KETI_SL_0000017848,뼈
18267.0,17,2018.0,정면,단어,KETI_SL_0000018267,뼈
18686.0,17,2018.0,좌측면,단어,KETI_SL_0000018686,뼈
19105.0,17,2018.0,우측면,단어,KETI_SL_0000019105,뼈
19524.0,18,2018.0,정면,단어,KETI_SL_0000019524,뼈
19943.0,18,2018.0,좌측면,단어,KETI_SL_0000019943,뼈
20362.0,18,2018.0,우측면,단어,KETI_SL_0000020362,뼈
20781.0,19,2018.0,정면,단어,KETI_SL_0000020781,뼈
21200.0,19,2018.0,좌측면,단어,KETI_SL_0000021200,뼈
21619.0,19,2018.0,우측면,단어,KETI_SL_0000021619,뼈
22038.0,20,2018.0,정면,단어,KETI_SL_0000022038,뼈
22457.0,20,2018.0,좌측면,단어,KETI_SL_0000022457,뼈
22876.0,20,2018.0,우측면,단어,KETI_SL_0000022876,뼈
23295.0,21,2018.0,정면,단어,KETI_SL_0000023295,뼈
23714.0,21,2018.0,좌측면,단어,KETI_SL_0000023714,뼈
24133.0,21,2018.0,우측면,단어,KETI_SL_0000024133,뼈
24552.0,22,2018.0,정면,단어,KETI_SL_0000024552,뼈
24971.0,22,2018.0,좌측면,단어,KETI_SL_0000024971,뼈
25390.0,22,2018.0,우측면,단어,KETI_SL_0000025390,뼈
25809.0,23,2018.0,정면,단어,KETI_SL_0000025809,뼈
26228.0,23,2018.0,좌측면,단어,KETI_SL_0000026228,뼈
26647.0,23,2018.0,우측면,단어,KETI_SL_0000026647,뼈
27066.0,24,2018.0,정면,단어,KETI_SL_0000027066,뼈
27485.0,24,2018.0,좌측면,단어,KETI_SL_0000027485,뼈
27904.0,24,2018.0,우측면,단어,KETI_SL_0000027904,뼈
28323.0,25,2018.0,정면,단어,KETI_SL_0000028323,뼈
28742.0,25,2018.0,좌측면,단어,KETI_SL_0000028742,뼈
29161.0,25,2018.0,우측면,단어,KETI_SL_0000029161,뼈
29580.0,26,2018.0,정면,단어,KETI_SL_0000029580,뼈
29999.0,26,2018.0,좌측면,단어,KETI_SL_0000029999,뼈
30418.0,26,2018.0,우측면,단어,KETI_SL_0000030418,뼈
30837.0,27,2018.0,정면,단어,KETI_SL_0000030837,뼈
31256.0,27,2018.0,좌측면,단어,KETI_SL_0000031256,뼈
31675.0,27,2018.0,우측면,단어,KETI_SL_0000031675,뼈
32094.0,28,2018.0,정면,단어,KETI_SL_0000032094,뼈
32513.0,28,2018.0,좌측면,단어,KETI_SL_0000032513,뼈
32932.0,28,2018.0,우측면,단어,KETI_SL_0000032932,뼈
33351.0,29,2018.0,정면,단어,KETI_SL_0000033351,뼈
33770.0,29,2018.0,좌측면,단어,KETI_SL_0000033770,뼈
34189.0,29,2018.0,우측면,단어,KETI_SL_0000034189,뼈
34608.0,30,2018.0,정면,단어,KETI_SL_0000034608,뼈
35027.0,30,2018.0,좌측면,단어,KETI_SL_0000035027,뼈
35446.0,30,2018.0,우측면,단어,KETI_SL_0000035446,뼈
35865.0,.,2018.0,정면,단어,KETI_SL_0000035865,뼈
36284.0,.,2018.0,좌측면,단어,KETI_SL_0000036284,뼈
36703.0,.,2018.0,우측면,단어,KETI_SL_0000036703,뼈
10744.0,11,2018.0,정면,단어,KETI_SL_0000010744,손
11163.0,11,2018.0,좌측면,단어,KETI_SL_0000011163,손
11582.0,11,2018.0,우측면,단어,KETI_SL_0000011582,손
12001.0,12,2018.0,정면,단어,KETI_SL_0000012001,손
12420.0,12,2018.0,좌측면,단어,KETI_SL_0000012420,손
12839.0,12,2018.0,우측면,단어,KETI_SL_0000012839,손
13258.0,13,2018.0,정면,단어,KETI_SL_0000013258,손
13677.0,13,2018.0,좌측면,단어,KETI_SL_0000013677,손
14096.0,13,2018.0,우측면,단어,KETI_SL_0000014096,손
14515.0,14,2018.0,정면,단어,KETI_SL_0000014515,손
14934.0,14,2018.0,좌측면,단어,KETI_SL_0000014934,손
15353.0,14,2018.0,우측면,단어,KETI_SL_0000015353,손
15772.0,15,2018.0,정면,단어,KETI_SL_0000015772,손
16191.0,15,2018.0,좌측면,단어,KETI_SL_0000016191,손
16610.0,15,2018.0,우측면,단어,KETI_SL_0000016610,손
17029.0,16,2018.0,정면,단어,KETI_SL_0000017029,손
17448.0,16,2018.0,좌측면,단어,KETI_SL_0000017448,손
17867.0,16,2018.0,우측면,단어,KETI_SL_0000017867,손
18286.0,17,2018.0,정면,단어,KETI_SL_0000018286,손
18705.0,17,2018.0,좌측면,단어,KETI_SL_0000018705,손
19124.0,17,2018.0,우측면,단어,KETI_SL_0000019124,손
19543.0,18,2018.0,정면,단어,KETI_SL_0000019543,손
19962.0,18,2018.0,좌측면,단어,KETI_SL_0000019962,손
20381.0,18,2018.0,우측면,단어,KETI_SL_0000020381,손
20800.0,19,2018.0,정면,단어,KETI_SL_0000020800,손
21219.0,19,2018.0,좌측면,단어,KETI_SL_0000021219,손
21638.0,19,2018.0,우측면,단어,KETI_SL_0000021638,손
22057.0,20,2018.0,정면,단어,KETI_SL_0000022057,손
22476.0,20,2018.0,좌측면,단어,KETI_SL_0000022476,손
22895.0,20,2018.0,우측면,단어,KETI_SL_0000022895,손
23314.0,21,2018.0,정면,단어,KETI_SL_0000023314,손
23733.0,21,2018.0,좌측면,단어,KETI_SL_0000023733,손
24152.0,21,2018.0,우측면,단어,KETI_SL_0000024152,손
24571.0,22,2018.0,정면,단어,KETI_SL_0000024571,손
24990.0,22,2018.0,좌측면,단어,KETI_SL_0000024990,손
25409.0,22,2018.0,우측면,단어,KETI_SL_0000025409,손
25828.0,23,2018.0,정면,단어,KETI_SL_0000025828,손
26247.0,23,2018.0,좌측면,단어,KETI_SL_0000026247,손
26666.0,23,2018.0,우측면,단어,KETI_SL_0000026666,손
27085.0,24,2018.0,정면,단어,KETI_SL_0000027085,손
27504.0,24,2018.0,좌측면,단어,KETI_SL_0000027504,손
27923.0,24,2018.0,우측면,단어,KETI_SL_0000027923,손
28342.0,25,2018.0,정면,단어,KETI_SL_0000028342,손
28761.0,25,2018.0,좌측면,단어,KETI_SL_0000028761,손
29180.0,25,2018.0,우측면,단어,KETI_SL_0000029180,손
29599.0,26,2018.0,정면,단어,KETI_SL_0000029599,손
30018.0,26,2018.0,좌측면,단어,KETI_SL_0000030018,손
30437.0,26,2018.0,우측면,단어,KETI_SL_0000030437,손
30856.0,27,2018.0,정면,단어,KETI_SL_0000030856,손
31275.0,27,2018.0,좌측면,단어,KETI_SL_0000031275,손
31694.0,27,2018.0,우측면,단어,KETI_SL_0000031694,손
32113.0,28,2018.0,정면,단어,KETI_SL_0000032113,손
32532.0,28,2018.0,좌측면,단어,KETI_SL_0000032532,손
32951.0,28,2018.0,우측면,단어,KETI_SL_0000032951,손
33370.0,29,2018.0,정면,단어,KETI_SL_0000033370,손
33789.0,29,2018.0,좌측면,단어,KETI_SL_0000033789,손
34208.0,29,2018.0,우측면,단어,KETI_SL_0000034208,손
34627.0,30,2018.0,정면,단어,KETI_SL_0000034627,손
35046.0,30,2018.0,좌측면,단어,KETI_SL_0000035046,손
35465.0,30,2018.0,우측면,단어,KETI_SL_0000035465,손
35884.0,.,2018.0,정면,단어,KETI_SL_0000035884,손
36303.0,.,2018.0,좌측면,단어,KETI_SL_0000036303,손
36722.0,.,2018.0,우측면,단어,KETI_SL_0000036722,손
10754.0,11,2018.0,정면,단어,KETI_SL_0000010754,심장마비
11173.0,11,2018.0,좌측면,단어,KETI_SL_0000011173,심장마비
11592.0,11,2018.0,우측면,단어,KETI_SL_0000011592,심장마비
12011.0,12,2018.0,정면,단어,KETI_SL_0000012011,심장마비
12430.0,12,2018.0,좌측면,단어,KETI_SL_0000012430,심장마비
12849.0,12,2018.0,우측면,단어,KETI_SL_0000012849,심장마비
13268.0,13,2018.0,정면,단어,KETI_SL_0000013268,심장마비
13687.0,13,2018.0,좌측면,단어,KETI_SL_0000013687,심장마비
14106.0,13,2018.0,우측면,단어,KETI_SL_0000014106,심장마비
14525.0,14,2018.0,정면,단어,KETI_SL_0000014525,심장마비
14944.0,14,2018.0,좌측면,단어,KETI_SL_0000014944,심장마비
15363.0,14,2018.0,우측면,단어,KETI_SL_0000015363,심장마비
15782.0,15,2018.0,정면,단어,KETI_SL_0000015782,심장마비
16201.0,15,2018.0,좌측면,단어,KETI_SL_0000016201,심장마비
16620.0,15,2018.0,우측면,단어,KETI_SL_0000016620,심장마비
17039.0,16,2018.0,정면,단어,KETI_SL_0000017039,심장마비
17458.0,16,2018.0,좌측면,단어,KETI_SL_0000017458,심장마비
17877.0,16,2018.0,우측면,단어,KETI_SL_0000017877,심장마비
18296.0,17,2018.0,정면,단어,KETI_SL_0000018296,심장마비
18715.0,17,2018.0,좌측면,단어,KETI_SL_0000018715,심장마비
19134.0,17,2018.0,우측면,단어,KETI_SL_0000019134,심장마비
19553.0,18,2018.0,정면,단어,KETI_SL_0000019553,심장마비
19972.0,18,2018.0,좌측면,단어,KETI_SL_0000019972,심장마비
20391.0,18,2018.0,우측면,단어,KETI_SL_0000020391,심장마비
20810.0,19,2018.0,정면,단어,KETI_SL_0000020810,심장마비
21229.0,19,2018.0,좌측면,단어,KETI_SL_0000021229,심장마비
21648.0,19,2018.0,우측면,단어,KETI_SL_0000021648,심장마비
22067.0,20,2018.0,정면,단어,KETI_SL_0000022067,심장마비
22486.0,20,2018.0,좌측면,단어,KETI_SL_0000022486,심장마비
22905.0,20,2018.0,우측면,단어,KETI_SL_0000022905,심장마비
23324.0,21,2018.0,정면,단어,KETI_SL_0000023324,심장마비
23743.0,21,2018.0,좌측면,단어,KETI_SL_0000023743,심장마비
24162.0,21,2018.0,우측면,단어,KETI_SL_0000024162,심장마비
24581.0,22,2018.0,정면,단어,KETI_SL_0000024581,심장마비
25000.0,22,2018.0,좌측면,단어,KETI_SL_0000025000,심장마비
25419.0,22,2018.0,우측면,단어,KETI_SL_0000025419,심장마비
25838.0,23,2018.0,정면,단어,KETI_SL_0000025838,심장마비
26257.0,23,2018.0,좌측면,단어,KETI_SL_0000026257,심장마비
26676.0,23,2018.0,우측면,단어,KETI_SL_0000026676,심장마비
27095.0,24,2018.0,정면,단어,KETI_SL_0000027095,심장마비
27514.0,24,2018.0,좌측면,단어,KETI_SL_0000027514,심장마비
27933.0,24,2018.0,우측면,단어,KETI_SL_0000027933,심장마비
28352.0,25,2018.0,정면,단어,KETI_SL_0000028352,심장마비
28771.0,25,2018.0,좌측면,단어,KETI_SL_0000028771,심장마비
29190.0,25,2018.0,우측면,단어,KETI_SL_0000029190,심장마비
29609.0,26,2018.0,정면,단어,KETI_SL_0000029609,심장마비
30028.0,26,2018.0,좌측면,단어,KETI_SL_0000030028,심장마비
30447.0,26,2018.0,우측면,단어,KETI_SL_0000030447,심장마비
30866.0,27,2018.0,정면,단어,KETI_SL_0000030866,심장마비
31285.0,27,2018.0,좌측면,단어,KETI_SL_0000031285,심장마비
31704.0,27,2018.0,우측면,단어,KETI_SL_0000031704,심장마비
32123.0,28,2018.0,정면,단어,KETI_SL_0000032123,심장마비
32542.0,28,2018.0,좌측면,단어,KETI_SL_0000032542,심장마비
32961.0,28,2018.0,우측면,단어,KETI_SL_0000032961,심장마비
33380.0,29,2018.0,정면,단어,KETI_SL_0000033380,심장마비
33799.0,29,2018.0,좌측면,단어,KETI_SL_0000033799,심장마비
34218.0,29,2018.0,우측면,단어,KETI_SL_0000034218,심장마비
34637.0,30,2018.0,정면,단어,KETI_SL_0000034637,심장마비
35056.0,30,2018.0,좌측면,단어,KETI_SL_0000035056,심장마비
35475.0,30,2018.0,우측면,단어,KETI_SL_0000035475,심장마비
35894.0,.,2018.0,정면,단어,KETI_SL_0000035894,심장마비
36313.0,.,2018.0,좌측면,단어,KETI_SL_0000036313,심장마비
36732.0,.,2018.0,우측면,단어,KETI_SL_0000036732,심장마비
10772.0,11,2018.0,정면,단어,KETI_SL_0000010772,어깨
11191.0,11,2018.0,좌측면,단어,KETI_SL_0000011191,어깨
11610.0,11,2018.0,우측면,단어,KETI_SL_0000011610,어깨
12029.0,12,2018.0,정면,단어,KETI_SL_0000012029,어깨
12448.0,12,2018.0,좌측면,단어,KETI_SL_0000012448,어깨
12867.0,12,2018.0,우측면,단어,KETI_SL_0000012867,어깨
13286.0,13,2018.0,정면,단어,KETI_SL_0000013286,어깨
13705.0,13,2018.0,좌측면,단어,KETI_SL_0000013705,어깨
14124.0,13,2018.0,우측면,단어,KETI_SL_0000014124,어깨
14543.0,14,2018.0,정면,단어,KETI_SL_0000014543,어깨
14962.0,14,2018.0,좌측면,단어,KETI_SL_0000014962,어깨
15381.0,14,2018.0,우측면,단어,KETI_SL_0000015381,어깨
15800.0,15,2018.0,정면,단어,KETI_SL_0000015800,어깨
16219.0,15,2018.0,좌측면,단어,KETI_SL_0000016219,어깨
16638.0,15,2018.0,우측면,단어,KETI_SL_0000016638,어깨
17057.0,16,2018.0,정면,단어,KETI_SL_0000017057,어깨
17476.0,16,2018.0,좌측면,단어,KETI_SL_0000017476,어깨
17895.0,16,2018.0,우측면,단어,KETI_SL_0000017895,어깨
18314.0,17,2018.0,정면,단어,KETI_SL_0000018314,어깨
18733.0,17,2018.0,좌측면,단어,KETI_SL_0000018733,어깨
19152.0,17,2018.0,우측면,단어,KETI_SL_0000019152,어깨
19571.0,18,2018.0,정면,단어,KETI_SL_0000019571,어깨
19990.0,18,2018.0,좌측면,단어,KETI_SL_0000019990,어깨
20409.0,18,2018.0,우측면,단어,KETI_SL_0000020409,어깨
20828.0,19,2018.0,정면,단어,KETI_SL_0000020828,어깨
21247.0,19,2018.0,좌측면,단어,KETI_SL_0000021247,어깨
21666.0,19,2018.0,우측면,단어,KETI_SL_0000021666,어깨
22085.0,20,2018.0,정면,단어,KETI_SL_0000022085,어깨
22504.0,20,2018.0,좌측면,단어,KETI_SL_0000022504,어깨
22923.0,20,2018.0,우측면,단어,KETI_SL_0000022923,어깨
23342.0,21,2018.0,정면,단어,KETI_SL_0000023342,어깨
23761.0,21,2018.0,좌측면,단어,KETI_SL_0000023761,어깨
24180.0,21,2018.0,우측면,단어,KETI_SL_0000024180,어깨
24599.0,22,2018.0,정면,단어,KETI_SL_0000024599,어깨
25018.0,22,2018.0,좌측면,단어,KETI_SL_0000025018,어깨
25437.0,22,2018.0,우측면,단어,KETI_SL_0000025437,어깨
25856.0,23,2018.0,정면,단어,KETI_SL_0000025856,어깨
26275.0,23,2018.0,좌측면,단어,KETI_SL_0000026275,어깨
26694.0,23,2018.0,우측면,단어,KETI_SL_0000026694,어깨
27113.0,24,2018.0,정면,단어,KETI_SL_0000027113,어깨
27532.0,24,2018.0,좌측면,단어,KETI_SL_0000027532,어깨
27951.0,24,2018.0,우측면,단어,KETI_SL_0000027951,어깨
28370.0,25,2018.0,정면,단어,KETI_SL_0000028370,어깨
28789.0,25,2018.0,좌측면,단어,KETI_SL_0000028789,어깨
29208.0,25,2018.0,우측면,단어,KETI_SL_0000029208,어깨
29627.0,26,2018.0,정면,단어,KETI_SL_0000029627,어깨
30046.0,26,2018.0,좌측면,단어,KETI_SL_0000030046,어깨
30465.0,26,2018.0,우측면,단어,KETI_SL_0000030465,어깨
30884.0,27,2018.0,정면,단어,KETI_SL_0000030884,어깨
31303.0,27,2018.0,좌측면,단어,KETI_SL_0000031303,어깨
31722.0,27,2018.0,우측면,단어,KETI_SL_0000031722,어깨
32141.0,28,2018.0,정면,단어,KETI_SL_0000032141,어깨
32560.0,28,2018.0,좌측면,단어,KETI_SL_0000032560,어깨
32979.0,28,2018.0,우측면,단어,KETI_SL_0000032979,어깨
33398.0,29,2018.0,정면,단어,KETI_SL_0000033398,어깨
33817.0,29,2018.0,좌측면,단어,KETI_SL_0000033817,어깨
34236.0,29,2018.0,우측면,단어,KETI_SL_0000034236,어깨
34655.0,30,2018.0,정면,단어,KETI_SL_0000034655,어깨
35074.0,30,2018.0,좌측면,단어,KETI_SL_0000035074,어깨
35493.0,30,2018.0,우측면,단어,KETI_SL_0000035493,어깨
35912.0,.,2018.0,정면,단어,KETI_SL_0000035912,어깨
36331.0,.,2018.0,좌측면,단어,KETI_SL_0000036331,어깨
36750.0,.,2018.0,우측면,단어,KETI_SL_0000036750,어깨
10774.0,11,2018.0,정면,단어,KETI_SL_0000010774,어지러움
11193.0,11,2018.0,좌측면,단어,KETI_SL_0000011193,어지러움
11612.0,11,2018.0,우측면,단어,KETI_SL_0000011612,어지러움
12031.0,12,2018.0,정면,단어,KETI_SL_0000012031,어지러움
12450.0,12,2018.0,좌측면,단어,KETI_SL_0000012450,어지러움
12869.0,12,2018.0,우측면,단어,KETI_SL_0000012869,어지러움
13288.0,13,2018.0,정면,단어,KETI_SL_0000013288,어지러움
13707.0,13,2018.0,좌측면,단어,KETI_SL_0000013707,어지러움
14126.0,13,2018.0,우측면,단어,KETI_SL_0000014126,어지러움
14545.0,14,2018.0,정면,단어,KETI_SL_0000014545,어지러움
14964.0,14,2018.0,좌측면,단어,KETI_SL_0000014964,어지러움
15383.0,14,2018.0,우측면,단어,KETI_SL_0000015383,어지러움
15802.0,15,2018.0,정면,단어,KETI_SL_0000015802,어지러움
16221.0,15,2018.0,좌측면,단어,KETI_SL_0000016221,어지러움
16640.0,15,2018.0,우측면,단어,KETI_SL_0000016640,어지러움
17059.0,16,2018.0,정면,단어,KETI_SL_0000017059,어지러움
17478.0,16,2018.0,좌측면,단어,KETI_SL_0000017478,어지러움
17897.0,16,2018.0,우측면,단어,KETI_SL_0000017897,어지러움
18316.0,17,2018.0,정면,단어,KETI_SL_0000018316,어지러움
18735.0,17,2018.0,좌측면,단어,KETI_SL_0000018735,어지러움
19154.0,17,2018.0,우측면,단어,KETI_SL_0000019154,어지러움
19573.0,18,2018.0,정면,단어,KETI_SL_0000019573,어지러움
19992.0,18,2018.0,좌측면,단어,KETI_SL_0000019992,어지러움
20411.0,18,2018.0,우측면,단어,KETI_SL_0000020411,어지러움
20830.0,19,2018.0,정면,단어,KETI_SL_0000020830,어지러움
21249.0,19,2018.0,좌측면,단어,KETI_SL_0000021249,어지러움
21668.0,19,2018.0,우측면,단어,KETI_SL_0000021668,어지러움
22087.0,20,2018.0,정면,단어,KETI_SL_0000022087,어지러움
22506.0,20,2018.0,좌측면,단어,KETI_SL_0000022506,어지러움
22925.0,20,2018.0,우측면,단어,KETI_SL_0000022925,어지러움
23344.0,21,2018.0,정면,단어,KETI_SL_0000023344,어지러움
23763.0,21,2018.0,좌측면,단어,KETI_SL_0000023763,어지러움
24182.0,21,2018.0,우측면,단어,KETI_SL_0000024182,어지러움
24601.0,22,2018.0,정면,단어,KETI_SL_0000024601,어지러움
25020.0,22,2018.0,좌측면,단어,KETI_SL_0000025020,어지러움
25439.0,22,2018.0,우측면,단어,KETI_SL_0000025439,어지러움
25858.0,23,2018.0,정면,단어,KETI_SL_0000025858,어지러움
26277.0,23,2018.0,좌측면,단어,KETI_SL_0000026277,어지러움
26696.0,23,2018.0,우측면,단어,KETI_SL_0000026696,어지러움
27115.0,24,2018.0,정면,단어,KETI_SL_0000027115,어지러움
27534.0,24,2018.0,좌측면,단어,KETI_SL_0000027534,어지러움
27953.0,24,2018.0,우측면,단어,KETI_SL_0000027953,어지러움
28372.0,25,2018.0,정면,단어,KETI_SL_0000028372,어지러움
28791.0,25,2018.0,좌측면,단어,KETI_SL_0000028791,어지러움
29210.0,25,2018.0,우측면,단어,KETI_SL_0000029210,어지러움
29629.0,26,2018.0,정면,단어,KETI_SL_0000029629,어지러움
30048.0,26,2018.0,좌측면,단어,KETI_SL_0000030048,어지러움
30467.0,26,2018.0,우측면,단어,KETI_SL_0000030467,어지러움
30886.0,27,2018.0,정면,단어,KETI_SL_0000030886,어지러움
31305.0,27,2018.0,좌측면,단어,KETI_SL_0000031305,어지러움
31724.0,27,2018.0,우측면,단어,KETI_SL_0000031724,어지러움
32143.0,28,2018.0,정면,단어,KETI_SL_0000032143,어지러움
32562.0,28,2018.0,좌측면,단어,KETI_SL_0000032562,어지러움
32981.0,28,2018.0,우측면,단어,KETI_SL_0000032981,어지러움
33400.0,29,2018.0,정면,단어,KETI_SL_0000033400,어지러움
33819.0,29,2018.0,좌측면,단어,KETI_SL_0000033819,어지러움
34238.0,29,2018.0,우측면,단어,KETI_SL_0000034238,어지러움
34657.0,30,2018.0,정면,단어,KETI_SL_0000034657,어지러움
35076.0,30,2018.0,좌측면,단어,KETI_SL_0000035076,어지러움
35495.0,30,2018.0,우측면,단어,KETI_SL_0000035495,어지러움
35914.0,.,2018.0,정면,단어,KETI_SL_0000035914,어지러움
36333.0,.,2018.0,좌측면,단어,KETI_SL_0000036333,어지러움
36752.0,.,2018.0,우측면,단어,KETI_SL_0000036752,어지러움
10783.0,11,2018.0,정면,단어,KETI_SL_0000010783,열
11202.0,11,2018.0,좌측면,단어,KETI_SL_0000011202,열
11621.0,11,2018.0,우측면,단어,KETI_SL_0000011621,열
12040.0,12,2018.0,정면,단어,KETI_SL_0000012040,열
12459.0,12,2018.0,좌측면,단어,KETI_SL_0000012459,열
12878.0,12,2018.0,우측면,단어,KETI_SL_0000012878,열
13297.0,13,2018.0,정면,단어,KETI_SL_0000013297,열
13716.0,13,2018.0,좌측면,단어,KETI_SL_0000013716,열
14135.0,13,2018.0,우측면,단어,KETI_SL_0000014135,열
14554.0,14,2018.0,정면,단어,KETI_SL_0000014554,열
14973.0,14,2018.0,좌측면,단어,KETI_SL_0000014973,열
15392.0,14,2018.0,우측면,단어,KETI_SL_0000015392,열
15811.0,15,2018.0,정면,단어,KETI_SL_0000015811,열
16230.0,15,2018.0,좌측면,단어,KETI_SL_0000016230,열
16649.0,15,2018.0,우측면,단어,KETI_SL_0000016649,열
17068.0,16,2018.0,정면,단어,KETI_SL_0000017068,열
17487.0,16,2018.0,좌측면,단어,KETI_SL_0000017487,열
17906.0,16,2018.0,우측면,단어,KETI_SL_0000017906,열
18325.0,17,2018.0,정면,단어,KETI_SL_0000018325,열
18744.0,17,2018.0,좌측면,단어,KETI_SL_0000018744,열
19163.0,17,2018.0,우측면,단어,KETI_SL_0000019163,열
19582.0,18,2018.0,정면,단어,KETI_SL_0000019582,열
20001.0,18,2018.0,좌측면,단어,KETI_SL_0000020001,열
20420.0,18,2018.0,우측면,단어,KETI_SL_0000020420,열
20839.0,19,2018.0,정면,단어,KETI_SL_0000020839,열
21258.0,19,2018.0,좌측면,단어,KETI_SL_0000021258,열
21677.0,19,2018.0,우측면,단어,KETI_SL_0000021677,열
22096.0,20,2018.0,정면,단어,KETI_SL_0000022096,열
22515.0,20,2018.0,좌측면,단어,KETI_SL_0000022515,열
22934.0,20,2018.0,우측면,단어,KETI_SL_0000022934,열
23353.0,21,2018.0,정면,단어,KETI_SL_0000023353,열
23772.0,21,2018.0,좌측면,단어,KETI_SL_0000023772,열
24191.0,21,2018.0,우측면,단어,KETI_SL_0000024191,열
24610.0,22,2018.0,정면,단어,KETI_SL_0000024610,열
25029.0,22,2018.0,좌측면,단어,KETI_SL_0000025029,열
25448.0,22,2018.0,우측면,단어,KETI_SL_0000025448,열
25867.0,23,2018.0,정면,단어,KETI_SL_0000025867,열
26286.0,23,2018.0,좌측면,단어,KETI_SL_0000026286,열
26705.0,23,2018.0,우측면,단어,KETI_SL_0000026705,열
27124.0,24,2018.0,정면,단어,KETI_SL_0000027124,열
27543.0,24,2018.0,좌측면,단어,KETI_SL_0000027543,열
27962.0,24,2018.0,우측면,단어,KETI_SL_0000027962,열
28381.0,25,2018.0,정면,단어,KETI_SL_0000028381,열
28800.0,25,2018.0,좌측면,단어,KETI_SL_0000028800,열
29219.0,25,2018.0,우측면,단어,KETI_SL_0000029219,열
29638.0,26,2018.0,정면,단어,KETI_SL_0000029638,열
30057.0,26,2018.0,좌측면,단어,KETI_SL_0000030057,열
30476.0,26,2018.0,우측면,단어,KETI_SL_0000030476,열
30895.0,27,2018.0,정면,단어,KETI_SL_0000030895,열
31314.0,27,2018.0,좌측면,단어,KETI_SL_0000031314,열
31733.0,27,2018.0,우측면,단어,KETI_SL_0000031733,열
32152.0,28,2018.0,정면,단어,KETI_SL_0000032152,열
32571.0,28,2018.0,좌측면,단어,KETI_SL_0000032571,열
32990.0,28,2018.0,우측면,단어,KETI_SL_0000032990,열
33409.0,29,2018.0,정면,단어,KETI_SL_0000033409,열
33828.0,29,2018.0,좌측면,단어,KETI_SL_0000033828,열
34247.0,29,2018.0,우측면,단어,KETI_SL_0000034247,열
34666.0,30,2018.0,정면,단어,KETI_SL_0000034666,열
35085.0,30,2018.0,좌측면,단어,KETI_SL_0000035085,열
35504.0,30,2018.0,우측면,단어,KETI_SL_0000035504,열
35923.0,.,2018.0,정면,단어,KETI_SL_0000035923,열
36342.0,.,2018.0,좌측면,단어,KETI_SL_0000036342,열
36761.0,.,2018.0,우측면,단어,KETI_SL_0000036761,열
10845.0,11,2018.0,정면,단어,KETI_SL_0000010845,진통제
11264.0,11,2018.0,좌측면,단어,KETI_SL_0000011264,진통제
11683.0,11,2018.0,우측면,단어,KETI_SL_0000011683,진통제
12102.0,12,2018.0,정면,단어,KETI_SL_0000012102,진통제
12521.0,12,2018.0,좌측면,단어,KETI_SL_0000012521,진통제
12940.0,12,2018.0,우측면,단어,KETI_SL_0000012940,진통제
13359.0,13,2018.0,정면,단어,KETI_SL_0000013359,진통제
13778.0,13,2018.0,좌측면,단어,KETI_SL_0000013778,진통제
14197.0,13,2018.0,우측면,단어,KETI_SL_0000014197,진통제
14616.0,14,2018.0,정면,단어,KETI_SL_0000014616,진통제
15035.0,14,2018.0,좌측면,단어,KETI_SL_0000015035,진통제
15454.0,14,2018.0,우측면,단어,KETI_SL_0000015454,진통제
15873.0,15,2018.0,정면,단어,KETI_SL_0000015873,진통제
16292.0,15,2018.0,좌측면,단어,KETI_SL_0000016292,진통제
16711.0,15,2018.0,우측면,단어,KETI_SL_0000016711,진통제
17130.0,16,2018.0,정면,단어,KETI_SL_0000017130,진통제
17549.0,16,2018.0,좌측면,단어,KETI_SL_0000017549,진통제
17968.0,16,2018.0,우측면,단어,KETI_SL_0000017968,진통제
18387.0,17,2018.0,정면,단어,KETI_SL_0000018387,진통제
18806.0,17,2018.0,좌측면,단어,KETI_SL_0000018806,진통제
19225.0,17,2018.0,우측면,단어,KETI_SL_0000019225,진통제
19644.0,18,2018.0,정면,단어,KETI_SL_0000019644,진통제
20063.0,18,2018.0,좌측면,단어,KETI_SL_0000020063,진통제
20482.0,18,2018.0,우측면,단어,KETI_SL_0000020482,진통제
20901.0,19,2018.0,정면,단어,KETI_SL_0000020901,진통제
21320.0,19,2018.0,좌측면,단어,KETI_SL_0000021320,진통제
21739.0,19,2018.0,우측면,단어,KETI_SL_0000021739,진통제
22158.0,20,2018.0,정면,단어,KETI_SL_0000022158,진통제
22577.0,20,2018.0,좌측면,단어,KETI_SL_0000022577,진통제
22996.0,20,2018.0,우측면,단어,KETI_SL_0000022996,진통제
23415.0,21,2018.0,정면,단어,KETI_SL_0000023415,진통제
23834.0,21,2018.0,좌측면,단어,KETI_SL_0000023834,진통제
24253.0,21,2018.0,우측면,단어,KETI_SL_0000024253,진통제
24672.0,22,2018.0,정면,단어,KETI_SL_0000024672,진통제
25091.0,22,2018.0,좌측면,단어,KETI_SL_0000025091,진통제
25510.0,22,2018.0,우측면,단어,KETI_SL_0000025510,진통제
25929.0,23,2018.0,정면,단어,KETI_SL_0000025929,진통제
26348.0,23,2018.0,좌측면,단어,KETI_SL_0000026348,진통제
26767.0,23,2018.0,우측면,단어,KETI_SL_0000026767,진통제
27186.0,24,2018.0,정면,단어,KETI_SL_0000027186,진통제
27605.0,24,2018.0,좌측면,단어,KETI_SL_0000027605,진통제
28024.0,24,2018.0,우측면,단어,KETI_SL_0000028024,진통제
28443.0,25,2018.0,정면,단어,KETI_SL_0000028443,진통제
28862.0,25,2018.0,좌측면,단어,KETI_SL_0000028862,진통제
29281.0,25,2018.0,우측면,단어,KETI_SL_0000029281,진통제
29700.0,26,2018.0,정면,단어,KETI_SL_0000029700,진통제
30119.0,26,2018.0,좌측면,단어,KETI_SL_0000030119,진통제
30538.0,26,2018.0,우측면,단어,KETI_SL_0000030538,진통제
30957.0,27,2018.0,정면,단어,KETI_SL_0000030957,진통제
31376.0,27,2018.0,좌측면,단어,KETI_SL_0000031376,진통제
31795.0,27,2018.0,우측면,단어,KETI_SL_0000031795,진통제
32214.0,28,2018.0,정면,단어,KETI_SL_0000032214,진통제
32633.0,28,2018.0,좌측면,단어,KETI_SL_0000032633,진통제
33052.0,28,2018.0,우측면,단어,KETI_SL_0000033052,진통제
33471.0,29,2018.0,정면,단어,KETI_SL_0000033471,진통제
33890.0,29,2018.0,좌측면,단어,KETI_SL_0000033890,진통제
34309.0,29,2018.0,우측면,단어,KETI_SL_0000034309,진통제
34728.0,30,2018.0,정면,단어,KETI_SL_0000034728,진통제
35147.0,30,2018.0,좌측면,단어,KETI_SL_0000035147,진통제
35566.0,30,2018.0,우측면,단어,KETI_SL_0000035566,진통제
35985.0,.,2018.0,정면,단어,KETI_SL_0000035985,진통제
36404.0,.,2018.0,좌측면,단어,KETI_SL_0000036404,진통제
36823.0,.,2018.0,우측면,단어,KETI_SL_0000036823,진통제
10853.0,11,2018.0,정면,단어,KETI_SL_0000010853,체온계
11272.0,11,2018.0,좌측면,단어,KETI_SL_0000011272,체온계
11691.0,11,2018.0,우측면,단어,KETI_SL_0000011691,체온계
12110.0,12,2018.0,정면,단어,KETI_SL_0000012110,체온계
12529.0,12,2018.0,좌측면,단어,KETI_SL_0000012529,체온계
12948.0,12,2018.0,우측면,단어,KETI_SL_0000012948,체온계
13367.0,13,2018.0,정면,단어,KETI_SL_0000013367,체온계
13786.0,13,2018.0,좌측면,단어,KETI_SL_0000013786,체온계
14205.0,13,2018.0,우측면,단어,KETI_SL_0000014205,체온계
14624.0,14,2018.0,정면,단어,KETI_SL_0000014624,체온계
15043.0,14,2018.0,좌측면,단어,KETI_SL_0000015043,체온계
15462.0,14,2018.0,우측면,단어,KETI_SL_0000015462,체온계
15881.0,15,2018.0,정면,단어,KETI_SL_0000015881,체온계
16300.0,15,2018.0,좌측면,단어,KETI_SL_0000016300,체온계
16719.0,15,2018.0,우측면,단어,KETI_SL_0000016719,체온계
17138.0,16,2018.0,정면,단어,KETI_SL_0000017138,체온계
17557.0,16,2018.0,좌측면,단어,KETI_SL_0000017557,체온계
17976.0,16,2018.0,우측면,단어,KETI_SL_0000017976,체온계
18395.0,17,2018.0,정면,단어,KETI_SL_0000018395,체온계
18814.0,17,2018.0,좌측면,단어,KETI_SL_0000018814,체온계
19233.0,17,2018.0,우측면,단어,KETI_SL_0000019233,체온계
19652.0,18,2018.0,정면,단어,KETI_SL_0000019652,체온계
20071.0,18,2018.0,좌측면,단어,KETI_SL_0000020071,체온계
20490.0,18,2018.0,우측면,단어,KETI_SL_0000020490,체온계
20909.0,19,2018.0,정면,단어,KETI_SL_0000020909,체온계
21328.0,19,2018.0,좌측면,단어,KETI_SL_0000021328,체온계
21747.0,19,2018.0,우측면,단어,KETI_SL_0000021747,체온계
22166.0,20,2018.0,정면,단어,KETI_SL_0000022166,체온계
22585.0,20,2018.0,좌측면,단어,KETI_SL_0000022585,체온계
23004.0,20,2018.0,우측면,단어,KETI_SL_0000023004,체온계
23423.0,21,2018.0,정면,단어,KETI_SL_0000023423,체온계
23842.0,21,2018.0,좌측면,단어,KETI_SL_0000023842,체온계
24261.0,21,2018.0,우측면,단어,KETI_SL_0000024261,체온계
24680.0,22,2018.0,정면,단어,KETI_SL_0000024680,체온계
25099.0,22,2018.0,좌측면,단어,KETI_SL_0000025099,체온계
25518.0,22,2018.0,우측면,단어,KETI_SL_0000025518,체온계
25937.0,23,2018.0,정면,단어,KETI_SL_0000025937,체온계
26356.0,23,2018.0,좌측면,단어,KETI_SL_0000026356,체온계
26775.0,23,2018.0,우측면,단어,KETI_SL_0000026775,체온계
27194.0,24,2018.0,정면,단어,KETI_SL_0000027194,체온계
27613.0,24,2018.0,좌측면,단어,KETI_SL_0000027613,체온계
28032.0,24,2018.0,우측면,단어,KETI_SL_0000028032,체온계
28451.0,25,2018.0,정면,단어,KETI_SL_0000028451,체온계
28870.0,25,2018.0,좌측면,단어,KETI_SL_0000028870,체온계
29289.0,25,2018.0,우측면,단어,KETI_SL_0000029289,체온계
29708.0,26,2018.0,정면,단어,KETI_SL_0000029708,체온계
30127.0,26,2018.0,좌측면,단어,KETI_SL_0000030127,체온계
30546.0,26,2018.0,우측면,단어,KETI_SL_0000030546,체온계
30965.0,27,2018.0,정면,단어,KETI_SL_0000030965,체온계
31384.0,27,2018.0,좌측면,단어,KETI_SL_0000031384,체온계
31803.0,27,2018.0,우측면,단어,KETI_SL_0000031803,체온계
32222.0,28,2018.0,정면,단어,KETI_SL_0000032222,체온계
32641.0,28,2018.0,좌측면,단어,KETI_SL_0000032641,체온계
33060.0,28,2018.0,우측면,단어,KETI_SL_0000033060,체온계
33479.0,29,2018.0,정면,단어,KETI_SL_0000033479,체온계
33898.0,29,2018.0,좌측면,단어,KETI_SL_0000033898,체온계
34317.0,29,2018.0,우측면,단어,KETI_SL_0000034317,체온계
34736.0,30,2018.0,정면,단어,KETI_SL_0000034736,체온계
35155.0,30,2018.0,좌측면,단어,KETI_SL_0000035155,체온계
35574.0,30,2018.0,우측면,단어,KETI_SL_0000035574,체온계
35993.0,.,2018.0,정면,단어,KETI_SL_0000035993,체온계
36412.0,.,2018.0,좌측면,단어,KETI_SL_0000036412,체온계
36831.0,.,2018.0,우측면,단어,KETI_SL_0000036831,체온계
10857.0,11,2018.0,정면,단어,KETI_SL_0000010857,출산
11276.0,11,2018.0,좌측면,단어,KETI_SL_0000011276,출산
11695.0,11,2018.0,우측면,단어,KETI_SL_0000011695,출산
12114.0,12,2018.0,정면,단어,KETI_SL_0000012114,출산
12533.0,12,2018.0,좌측면,단어,KETI_SL_0000012533,출산
12952.0,12,2018.0,우측면,단어,KETI_SL_0000012952,출산
13371.0,13,2018.0,정면,단어,KETI_SL_0000013371,출산
13790.0,13,2018.0,좌측면,단어,KETI_SL_0000013790,출산
14209.0,13,2018.0,우측면,단어,KETI_SL_0000014209,출산
14628.0,14,2018.0,정면,단어,KETI_SL_0000014628,출산
15047.0,14,2018.0,좌측면,단어,KETI_SL_0000015047,출산
15466.0,14,2018.0,우측면,단어,KETI_SL_0000015466,출산
15885.0,15,2018.0,정면,단어,KETI_SL_0000015885,출산
16304.0,15,2018.0,좌측면,단어,KETI_SL_0000016304,출산
16723.0,15,2018.0,우측면,단어,KETI_SL_0000016723,출산
17142.0,16,2018.0,정면,단어,KETI_SL_0000017142,출산
17561.0,16,2018.0,좌측면,단어,KETI_SL_0000017561,출산
17980.0,16,2018.0,우측면,단어,KETI_SL_0000017980,출산
18399.0,17,2018.0,정면,단어,KETI_SL_0000018399,출산
18818.0,17,2018.0,좌측면,단어,KETI_SL_0000018818,출산
19237.0,17,2018.0,우측면,단어,KETI_SL_0000019237,출산
19656.0,18,2018.0,정면,단어,KETI_SL_0000019656,출산
20075.0,18,2018.0,좌측면,단어,KETI_SL_0000020075,출산
20494.0,18,2018.0,우측면,단어,KETI_SL_0000020494,출산
20913.0,19,2018.0,정면,단어,KETI_SL_0000020913,출산
21332.0,19,2018.0,좌측면,단어,KETI_SL_0000021332,출산
21751.0,19,2018.0,우측면,단어,KETI_SL_0000021751,출산
22170.0,20,2018.0,정면,단어,KETI_SL_0000022170,출산
22589.0,20,2018.0,좌측면,단어,KETI_SL_0000022589,출산
23008.0,20,2018.0,우측면,단어,KETI_SL_0000023008,출산
23427.0,21,2018.0,정면,단어,KETI_SL_0000023427,출산
23846.0,21,2018.0,좌측면,단어,KETI_SL_0000023846,출산
24265.0,21,2018.0,우측면,단어,KETI_SL_0000024265,출산
24684.0,22,2018.0,정면,단어,KETI_SL_0000024684,출산
25103.0,22,2018.0,좌측면,단어,KETI_SL_0000025103,출산
25522.0,22,2018.0,우측면,단어,KETI_SL_0000025522,출산
25941.0,23,2018.0,정면,단어,KETI_SL_0000025941,출산
26360.0,23,2018.0,좌측면,단어,KETI_SL_0000026360,출산
26779.0,23,2018.0,우측면,단어,KETI_SL_0000026779,출산
27198.0,24,2018.0,정면,단어,KETI_SL_0000027198,출산
27617.0,24,2018.0,좌측면,단어,KETI_SL_0000027617,출산
28036.0,24,2018.0,우측면,단어,KETI_SL_0000028036,출산
28455.0,25,2018.0,정면,단어,KETI_SL_0000028455,출산
28874.0,25,2018.0,좌측면,단어,KETI_SL_0000028874,출산
29293.0,25,2018.0,우측면,단어,KETI_SL_0000029293,출산
29712.0,26,2018.0,정면,단어,KETI_SL_0000029712,출산
30131.0,26,2018.0,좌측면,단어,KETI_SL_0000030131,출산
30550.0,26,2018.0,우측면,단어,KETI_SL_0000030550,출산
30969.0,27,2018.0,정면,단어,KETI_SL_0000030969,출산
31388.0,27,2018.0,좌측면,단어,KETI_SL_0000031388,출산
31807.0,27,2018.0,우측면,단어,KETI_SL_0000031807,출산
32226.0,28,2018.0,정면,단어,KETI_SL_0000032226,출산
32645.0,28,2018.0,좌측면,단어,KETI_SL_0000032645,출산
33064.0,28,2018.0,우측면,단어,KETI_SL_0000033064,출산
33483.0,29,2018.0,정면,단어,KETI_SL_0000033483,출산
33902.0,29,2018.0,좌측면,단어,KETI_SL_0000033902,출산
34321.0,29,2018.0,우측면,단어,KETI_SL_0000034321,출산
34740.0,30,2018.0,정면,단어,KETI_SL_0000034740,출산
35159.0,30,2018.0,좌측면,단어,KETI_SL_0000035159,출산
35578.0,30,2018.0,우측면,단어,KETI_SL_0000035578,출산
35997.0,.,2018.0,정면,단어,KETI_SL_0000035997,출산
36416.0,.,2018.0,좌측면,단어,KETI_SL_0000036416,출산
36835.0,.,2018.0,우측면,단어,KETI_SL_0000036835,출산
10858.0,11,2018.0,정면,단어,KETI_SL_0000010858,출혈
11277.0,11,2018.0,좌측면,단어,KETI_SL_0000011277,출혈
11696.0,11,2018.0,우측면,단어,KETI_SL_0000011696,출혈
12115.0,12,2018.0,정면,단어,KETI_SL_0000012115,출혈
12534.0,12,2018.0,좌측면,단어,KETI_SL_0000012534,출혈
12953.0,12,2018.0,우측면,단어,KETI_SL_0000012953,출혈
13372.0,13,2018.0,정면,단어,KETI_SL_0000013372,출혈
13791.0,13,2018.0,좌측면,단어,KETI_SL_0000013791,출혈
14210.0,13,2018.0,우측면,단어,KETI_SL_0000014210,출혈
14629.0,14,2018.0,정면,단어,KETI_SL_0000014629,출혈
15048.0,14,2018.0,좌측면,단어,KETI_SL_0000015048,출혈
15467.0,14,2018.0,우측면,단어,KETI_SL_0000015467,출혈
15886.0,15,2018.0,정면,단어,KETI_SL_0000015886,출혈
16305.0,15,2018.0,좌측면,단어,KETI_SL_0000016305,출혈
16724.0,15,2018.0,우측면,단어,KETI_SL_0000016724,출혈
17143.0,16,2018.0,정면,단어,KETI_SL_0000017143,출혈
17562.0,16,2018.0,좌측면,단어,KETI_SL_0000017562,출혈
17981.0,16,2018.0,우측면,단어,KETI_SL_0000017981,출혈
18400.0,17,2018.0,정면,단어,KETI_SL_0000018400,출혈
18819.0,17,2018.0,좌측면,단어,KETI_SL_0000018819,출혈
19238.0,17,2018.0,우측면,단어,KETI_SL_0000019238,출혈
19657.0,18,2018.0,정면,단어,KETI_SL_0000019657,출혈
20076.0,18,2018.0,좌측면,단어,KETI_SL_0000020076,출혈
20495.0,18,2018.0,우측면,단어,KETI_SL_0000020495,출혈
20914.0,19,2018.0,정면,단어,KETI_SL_0000020914,출혈
21333.0,19,2018.0,좌측면,단어,KETI_SL_0000021333,출혈
21752.0,19,2018.0,우측면,단어,KETI_SL_0000021752,출혈
22171.0,20,2018.0,정면,단어,KETI_SL_0000022171,출혈
22590.0,20,2018.0,좌측면,단어,KETI_SL_0000022590,출혈
23009.0,20,2018.0,우측면,단어,KETI_SL_0000023009,출혈
23428.0,21,2018.0,정면,단어,KETI_SL_0000023428,출혈
23847.0,21,2018.0,좌측면,단어,KETI_SL_0000023847,출혈
24266.0,21,2018.0,우측면,단어,KETI_SL_0000024266,출혈
24685.0,22,2018.0,정면,단어,KETI_SL_0000024685,출혈
25104.0,22,2018.0,좌측면,단어,KETI_SL_0000025104,출혈
25523.0,22,2018.0,우측면,단어,KETI_SL_0000025523,출혈
25942.0,23,2018.0,정면,단어,KETI_SL_0000025942,출혈
26361.0,23,2018.0,좌측면,단어,KETI_SL_0000026361,출혈
26780.0,23,2018.0,우측면,단어,KETI_SL_0000026780,출혈
27199.0,24,2018.0,정면,단어,KETI_SL_0000027199,출혈
27618.0,24,2018.0,좌측면,단어,KETI_SL_0000027618,출혈
28037.0,24,2018.0,우측면,단어,KETI_SL_0000028037,출혈
28456.0,25,2018.0,정면,단어,KETI_SL_0000028456,출혈
28875.0,25,2018.0,좌측면,단어,KETI_SL_0000028875,출혈
29294.0,25,2018.0,우측면,단어,KETI_SL_0000029294,출혈
29713.0,26,2018.0,정면,단어,KETI_SL_0000029713,출혈
30132.0,26,2018.0,좌측면,단어,KETI_SL_0000030132,출혈
30551.0,26,2018.0,우측면,단어,KETI_SL_0000030551,출혈
30970.0,27,2018.0,정면,단어,KETI_SL_0000030970,출혈
31389.0,27,2018.0,좌측면,단어,KETI_SL_0000031389,출혈
31808.0,27,2018.0,우측면,단어,KETI_SL_0000031808,출혈
32227.0,28,2018.0,정면,단어,KETI_SL_0000032227,출혈
32646.0,28,2018.0,좌측면,단어,KETI_SL_0000032646,출혈
33065.0,28,2018.0,우측면,단어,KETI_SL_0000033065,출혈
33484.0,29,2018.0,정면,단어,KETI_SL_0000033484,출혈
33903.0,29,2018.0,좌측면,단어,KETI_SL_0000033903,출혈
34322.0,29,2018.0,우측면,단어,KETI_SL_0000034322,출혈
34741.0,30,2018.0,정면,단어,KETI_SL_0000034741,출혈
35160.0,30,2018.0,좌측면,단어,KETI_SL_0000035160,출혈
35579.0,30,2018.0,우측면,단어,KETI_SL_0000035579,출혈
35998.0,.,2018.0,정면,단어,KETI_SL_0000035998,출혈
36417.0,.,2018.0,좌측면,단어,KETI_SL_0000036417,출혈
36836.0,.,2018.0,우측면,단어,KETI_SL_0000036836,출혈
10872.0,11,2018.0,정면,단어,KETI_SL_0000010872,팔
11291.0,11,2018.0,좌측면,단어,KETI_SL_0000011291,팔
11710.0,11,2018.0,우측면,단어,KETI_SL_0000011710,팔
12129.0,12,2018.0,정면,단어,KETI_SL_0000012129,팔
12548.0,12,2018.0,좌측면,단어,KETI_SL_0000012548,팔
12967.0,12,2018.0,우측면,단어,KETI_SL_0000012967,팔
13386.0,13,2018.0,정면,단어,KETI_SL_0000013386,팔
13805.0,13,2018.0,좌측면,단어,KETI_SL_0000013805,팔
14224.0,13,2018.0,우측면,단어,KETI_SL_0000014224,팔
14643.0,14,2018.0,정면,단어,KETI_SL_0000014643,팔
15062.0,14,2018.0,좌측면,단어,KETI_SL_0000015062,팔
15481.0,14,2018.0,우측면,단어,KETI_SL_0000015481,팔
15900.0,15,2018.0,정면,단어,KETI_SL_0000015900,팔
16319.0,15,2018.0,좌측면,단어,KETI_SL_0000016319,팔
16738.0,15,2018.0,우측면,단어,KETI_SL_0000016738,팔
17157.0,16,2018.0,정면,단어,KETI_SL_0000017157,팔
17576.0,16,2018.0,좌측면,단어,KETI_SL_0000017576,팔
17995.0,16,2018.0,우측면,단어,KETI_SL_0000017995,팔
18414.0,17,2018.0,정면,단어,KETI_SL_0000018414,팔
18833.0,17,2018.0,좌측면,단어,KETI_SL_0000018833,팔
19252.0,17,2018.0,우측면,단어,KETI_SL_0000019252,팔
19671.0,18,2018.0,정면,단어,KETI_SL_0000019671,팔
20090.0,18,2018.0,좌측면,단어,KETI_SL_0000020090,팔
20509.0,18,2018.0,우측면,단어,KETI_SL_0000020509,팔
20928.0,19,2018.0,정면,단어,KETI_SL_0000020928,팔
21347.0,19,2018.0,좌측면,단어,KETI_SL_0000021347,팔
21766.0,19,2018.0,우측면,단어,KETI_SL_0000021766,팔
22185.0,20,2018.0,정면,단어,KETI_SL_0000022185,팔
22604.0,20,2018.0,좌측면,단어,KETI_SL_0000022604,팔
23023.0,20,2018.0,우측면,단어,KETI_SL_0000023023,팔
23442.0,21,2018.0,정면,단어,KETI_SL_0000023442,팔
23861.0,21,2018.0,좌측면,단어,KETI_SL_0000023861,팔
24280.0,21,2018.0,우측면,단어,KETI_SL_0000024280,팔
24699.0,22,2018.0,정면,단어,KETI_SL_0000024699,팔
25118.0,22,2018.0,좌측면,단어,KETI_SL_0000025118,팔
25537.0,22,2018.0,우측면,단어,KETI_SL_0000025537,팔
25956.0,23,2018.0,정면,단어,KETI_SL_0000025956,팔
26375.0,23,2018.0,좌측면,단어,KETI_SL_0000026375,팔
26794.0,23,2018.0,우측면,단어,KETI_SL_0000026794,팔
27213.0,24,2018.0,정면,단어,KETI_SL_0000027213,팔
27632.0,24,2018.0,좌측면,단어,KETI_SL_0000027632,팔
28051.0,24,2018.0,우측면,단어,KETI_SL_0000028051,팔
28470.0,25,2018.0,정면,단어,KETI_SL_0000028470,팔
28889.0,25,2018.0,좌측면,단어,KETI_SL_0000028889,팔
29308.0,25,2018.0,우측면,단어,KETI_SL_0000029308,팔
29727.0,26,2018.0,정면,단어,KETI_SL_0000029727,팔
30146.0,26,2018.0,좌측면,단어,KETI_SL_0000030146,팔
30565.0,26,2018.0,우측면,단어,KETI_SL_0000030565,팔
30984.0,27,2018.0,정면,단어,KETI_SL_0000030984,팔
31403.0,27,2018.0,좌측면,단어,KETI_SL_0000031403,팔
31822.0,27,2018.0,우측면,단어,KETI_SL_0000031822,팔
32241.0,28,2018.0,정면,단어,KETI_SL_0000032241,팔
32660.0,28,2018.0,좌측면,단어,KETI_SL_0000032660,팔
33079.0,28,2018.0,우측면,단어,KETI_SL_0000033079,팔
33498.0,29,2018.0,정면,단어,KETI_SL_0000033498,팔
33917.0,29,2018.0,좌측면,단어,KETI_SL_0000033917,팔
34336.0,29,2018.0,우측면,단어,KETI_SL_0000034336,팔
34755.0,30,2018.0,정면,단어,KETI_SL_0000034755,팔
35174.0,30,2018.0,좌측면,단어,KETI_SL_0000035174,팔
35593.0,30,2018.0,우측면,단어,KETI_SL_0000035593,팔
36012.0,.,2018.0,정면,단어,KETI_SL_0000036012,팔
36431.0,.,2018.0,좌측면,단어,KETI_SL_0000036431,팔
36850.0,.,2018.0,우측면,단어,KETI_SL_0000036850,팔
10885.0,11,2018.0,정면,단어,KETI_SL_0000010885,해열제
11304.0,11,2018.0,좌측면,단어,KETI_SL_0000011304,해열제
11723.0,11,2018.0,우측면,단어,KETI_SL_0000011723,해열제
12142.0,12,2018.0,정면,단어,KETI_SL_0000012142,해열제
12561.0,12,2018.0,좌측면,단어,KETI_SL_0000012561,해열제
12980.0,12,2018.0,우측면,단어,KETI_SL_0000012980,해열제
13399.0,13,2018.0,정면,단어,KETI_SL_0000013399,해열제
13818.0,13,2018.0,좌측면,단어,KETI_SL_0000013818,해열제
14237.0,13,2018.0,우측면,단어,KETI_SL_0000014237,해열제
14656.0,14,2018.0,정면,단어,KETI_SL_0000014656,해열제
15075.0,14,2018.0,좌측면,단어,KETI_SL_0000015075,해열제
15494.0,14,2018.0,우측면,단어,KETI_SL_0000015494,해열제
15913.0,15,2018.0,정면,단어,KETI_SL_0000015913,해열제
16332.0,15,2018.0,좌측면,단어,KETI_SL_0000016332,해열제
16751.0,15,2018.0,우측면,단어,KETI_SL_0000016751,해열제
17170.0,16,2018.0,정면,단어,KETI_SL_0000017170,해열제
17589.0,16,2018.0,좌측면,단어,KETI_SL_0000017589,해열제
18008.0,16,2018.0,우측면,단어,KETI_SL_0000018008,해열제
18427.0,17,2018.0,정면,단어,KETI_SL_0000018427,해열제
18846.0,17,2018.0,좌측면,단어,KETI_SL_0000018846,해열제
19265.0,17,2018.0,우측면,단어,KETI_SL_0000019265,해열제
19684.0,18,2018.0,정면,단어,KETI_SL_0000019684,해열제
20103.0,18,2018.0,좌측면,단어,KETI_SL_0000020103,해열제
20522.0,18,2018.0,우측면,단어,KETI_SL_0000020522,해열제
20941.0,19,2018.0,정면,단어,KETI_SL_0000020941,해열제
21360.0,19,2018.0,좌측면,단어,KETI_SL_0000021360,해열제
21779.0,19,2018.0,우측면,단어,KETI_SL_0000021779,해열제
22198.0,20,2018.0,정면,단어,KETI_SL_0000022198,해열제
22617.0,20,2018.0,좌측면,단어,KETI_SL_0000022617,해열제
23036.0,20,2018.0,우측면,단어,KETI_SL_0000023036,해열제
23455.0,21,2018.0,정면,단어,KETI_SL_0000023455,해열제
23874.0,21,2018.0,좌측면,단어,KETI_SL_0000023874,해열제
24293.0,21,2018.0,우측면,단어,KETI_SL_0000024293,해열제
24712.0,22,2018.0,정면,단어,KETI_SL_0000024712,해열제
25131.0,22,2018.0,좌측면,단어,KETI_SL_0000025131,해열제
25550.0,22,2018.0,우측면,단어,KETI_SL_0000025550,해열제
25969.0,23,2018.0,정면,단어,KETI_SL_0000025969,해열제
26388.0,23,2018.0,좌측면,단어,KETI_SL_0000026388,해열제
26807.0,23,2018.0,우측면,단어,KETI_SL_0000026807,해열제
27226.0,24,2018.0,정면,단어,KETI_SL_0000027226,해열제
27645.0,24,2018.0,좌측면,단어,KETI_SL_0000027645,해열제
28064.0,24,2018.0,우측면,단어,KETI_SL_0000028064,해열제
28483.0,25,2018.0,정면,단어,KETI_SL_0000028483,해열제
28902.0,25,2018.0,좌측면,단어,KETI_SL_0000028902,해열제
29321.0,25,2018.0,우측면,단어,KETI_SL_0000029321,해열제
29740.0,26,2018.0,정면,단어,KETI_SL_0000029740,해열제
30159.0,26,2018.0,좌측면,단어,KETI_SL_0000030159,해열제
30578.0,26,2018.0,우측면,단어,KETI_SL_0000030578,해열제
30997.0,27,2018.0,정면,단어,KETI_SL_0000030997,해열제
31416.0,27,2018.0,좌측면,단어,KETI_SL_0000031416,해열제
31835.0,27,2018.0,우측면,단어,KETI_SL_0000031835,해열제
32254.0,28,2018.0,정면,단어,KETI_SL_0000032254,해열제
32673.0,28,2018.0,좌측면,단어,KETI_SL_0000032673,해열제
33092.0,28,2018.0,우측면,단어,KETI_SL_0000033092,해열제
33511.0,29,2018.0,정면,단어,KETI_SL_0000033511,해열제
33930.0,29,2018.0,좌측면,단어,KETI_SL_0000033930,해열제
34349.0,29,2018.0,우측면,단어,KETI_SL_0000034349,해열제
34768.0,30,2018.0,정면,단어,KETI_SL_0000034768,해열제
35187.0,30,2018.0,좌측면,단어,KETI_SL_0000035187,해열제
35606.0,30,2018.0,우측면,단어,KETI_SL_0000035606,해열제
36025.0,.,2018.0,정면,단어,KETI_SL_0000036025,해열제
36444.0,.,2018.0,좌측면,단어,KETI_SL_0000036444,해열제
36863.0,.,2018.0,우측면,단어,KETI_SL_0000036863,해열제
10886.0,11,2018.0,정면,단어,KETI_SL_0000010886,허리
11305.0,11,2018.0,좌측면,단어,KETI_SL_0000011305,허리
11724.0,11,2018.0,우측면,단어,KETI_SL_0000011724,허리
12143.0,12,2018.0,정면,단어,KETI_SL_0000012143,허리
12562.0,12,2018.0,좌측면,단어,KETI_SL_0000012562,허리
12981.0,12,2018.0,우측면,단어,KETI_SL_0000012981,허리
13400.0,13,2018.0,정면,단어,KETI_SL_0000013400,허리
13819.0,13,2018.0,좌측면,단어,KETI_SL_0000013819,허리
14238.0,13,2018.0,우측면,단어,KETI_SL_0000014238,허리
14657.0,14,2018.0,정면,단어,KETI_SL_0000014657,허리
15076.0,14,2018.0,좌측면,단어,KETI_SL_0000015076,허리
15495.0,14,2018.0,우측면,단어,KETI_SL_0000015495,허리
15914.0,15,2018.0,정면,단어,KETI_SL_0000015914,허리
16333.0,15,2018.0,좌측면,단어,KETI_SL_0000016333,허리
16752.0,15,2018.0,우측면,단어,KETI_SL_0000016752,허리
17171.0,16,2018.0,정면,단어,KETI_SL_0000017171,허리
17590.0,16,2018.0,좌측면,단어,KETI_SL_0000017590,허리
18009.0,16,2018.0,우측면,단어,KETI_SL_0000018009,허리
18428.0,17,2018.0,정면,단어,KETI_SL_0000018428,허리
18847.0,17,2018.0,좌측면,단어,KETI_SL_0000018847,허리
19266.0,17,2018.0,우측면,단어,KETI_SL_0000019266,허리
19685.0,18,2018.0,정면,단어,KETI_SL_0000019685,허리
20104.0,18,2018.0,좌측면,단어,KETI_SL_0000020104,허리
20523.0,18,2018.0,우측면,단어,KETI_SL_0000020523,허리
20942.0,19,2018.0,정면,단어,KETI_SL_0000020942,허리
21361.0,19,2018.0,좌측면,단어,KETI_SL_0000021361,허리
21780.0,19,2018.0,우측면,단어,KETI_SL_0000021780,허리
22199.0,20,2018.0,정면,단어,KETI_SL_0000022199,허리
22618.0,20,2018.0,좌측면,단어,KETI_SL_0000022618,허리
23037.0,20,2018.0,우측면,단어,KETI_SL_0000023037,허리
23456.0,21,2018.0,정면,단어,KETI_SL_0000023456,허리
23875.0,21,2018.0,좌측면,단어,KETI_SL_0000023875,허리
24294.0,21,2018.0,우측면,단어,KETI_SL_0000024294,허리
24713.0,22,2018.0,정면,단어,KETI_SL_0000024713,허리
25132.0,22,2018.0,좌측면,단어,KETI_SL_0000025132,허리
25551.0,22,2018.0,우측면,단어,KETI_SL_0000025551,허리
25970.0,23,2018.0,정면,단어,KETI_SL_0000025970,허리
26389.0,23,2018.0,좌측면,단어,KETI_SL_0000026389,허리
26808.0,23,2018.0,우측면,단어,KETI_SL_0000026808,허리
27227.0,24,2018.0,정면,단어,KETI_SL_0000027227,허리
27646.0,24,2018.0,좌측면,단어,KETI_SL_0000027646,허리
28065.0,24,2018.0,우측면,단어,KETI_SL_0000028065,허리
28484.0,25,2018.0,정면,단어,KETI_SL_0000028484,허리
28903.0,25,2018.0,좌측면,단어,KETI_SL_0000028903,허리
29322.0,25,2018.0,우측면,단어,KETI_SL_0000029322,허리
29741.0,26,2018.0,정면,단어,KETI_SL_0000029741,허리
30160.0,26,2018.0,좌측면,단어,KETI_SL_0000030160,허리
30579.0,26,2018.0,우측면,단어,KETI_SL_0000030579,허리
30998.0,27,2018.0,정면,단어,KETI_SL_0000030998,허리
31417.0,27,2018.0,좌측면,단어,KETI_SL_0000031417,허리
31836.0,27,2018.0,우측면,단어,KETI_SL_0000031836,허리
32255.0,28,2018.0,정면,단어,KETI_SL_0000032255,허리
32674.0,28,2018.0,좌측면,단어,KETI_SL_0000032674,허리
33093.0,28,2018.0,우측면,단어,KETI_SL_0000033093,허리
33512.0,29,2018.0,정면,단어,KETI_SL_0000033512,허리
33931.0,29,2018.0,좌측면,단어,KETI_SL_0000033931,허리
34350.0,29,2018.0,우측면,단어,KETI_SL_0000034350,허리
34769.0,30,2018.0,정면,단어,KETI_SL_0000034769,허리
35188.0,30,2018.0,좌측면,단어,KETI_SL_0000035188,허리
35607.0,30,2018.0,우측면,단어,KETI_SL_0000035607,허리
36026.0,.,2018.0,정면,단어,KETI_SL_0000036026,허리
36445.0,.,2018.0,좌측면,단어,KETI_SL_0000036445,허리
36864.0,.,2018.0,우측면,단어,KETI_SL_0000036864,허리
10887.0,11,2018.0,정면,단어,KETI_SL_0000010887,허벅지
11306.0,11,2018.0,좌측면,단어,KETI_SL_0000011306,허벅지
11725.0,11,2018.0,우측면,단어,KETI_SL_0000011725,허벅지
12144.0,12,2018.0,정면,단어,KETI_SL_0000012144,허벅지
12563.0,12,2018.0,좌측면,단어,KETI_SL_0000012563,허벅지
12982.0,12,2018.0,우측면,단어,KETI_SL_0000012982,허벅지
13401.0,13,2018.0,정면,단어,KETI_SL_0000013401,허벅지
13820.0,13,2018.0,좌측면,단어,KETI_SL_0000013820,허벅지
14239.0,13,2018.0,우측면,단어,KETI_SL_0000014239,허벅지
14658.0,14,2018.0,정면,단어,KETI_SL_0000014658,허벅지
15077.0,14,2018.0,좌측면,단어,KETI_SL_0000015077,허벅지
15496.0,14,2018.0,우측면,단어,KETI_SL_0000015496,허벅지
15915.0,15,2018.0,정면,단어,KETI_SL_0000015915,허벅지
16334.0,15,2018.0,좌측면,단어,KETI_SL_0000016334,허벅지
16753.0,15,2018.0,우측면,단어,KETI_SL_0000016753,허벅지
17172.0,16,2018.0,정면,단어,KETI_SL_0000017172,허벅지
17591.0,16,2018.0,좌측면,단어,KETI_SL_0000017591,허벅지
18010.0,16,2018.0,우측면,단어,KETI_SL_0000018010,허벅지
18429.0,17,2018.0,정면,단어,KETI_SL_0000018429,허벅지
18848.0,17,2018.0,좌측면,단어,KETI_SL_0000018848,허벅지
19267.0,17,2018.0,우측면,단어,KETI_SL_0000019267,허벅지
19686.0,18,2018.0,정면,단어,KETI_SL_0000019686,허벅지
20105.0,18,2018.0,좌측면,단어,KETI_SL_0000020105,허벅지
20524.0,18,2018.0,우측면,단어,KETI_SL_0000020524,허벅지
20943.0,19,2018.0,정면,단어,KETI_SL_0000020943,허벅지
21362.0,19,2018.0,좌측면,단어,KETI_SL_0000021362,허벅지
21781.0,19,2018.0,우측면,단어,KETI_SL_0000021781,허벅지
22200.0,20,2018.0,정면,단어,KETI_SL_0000022200,허벅지
22619.0,20,2018.0,좌측면,단어,KETI_SL_0000022619,허벅지
23038.0,20,2018.0,우측면,단어,KETI_SL_0000023038,허벅지
23457.0,21,2018.0,정면,단어,KETI_SL_0000023457,허벅지
23876.0,21,2018.0,좌측면,단어,KETI_SL_0000023876,허벅지
24295.0,21,2018.0,우측면,단어,KETI_SL_0000024295,허벅지
24714.0,22,2018.0,정면,단어,KETI_SL_0000024714,허벅지
25133.0,22,2018.0,좌측면,단어,KETI_SL_0000025133,허벅지
25552.0,22,2018.0,우측면,단어,KETI_SL_0000025552,허벅지
25971.0,23,2018.0,정면,단어,KETI_SL_0000025971,허벅지
26390.0,23,2018.0,좌측면,단어,KETI_SL_0000026390,허벅지
26809.0,23,2018.0,우측면,단어,KETI_SL_0000026809,허벅지
27228.0,24,2018.0,정면,단어,KETI_SL_0000027228,허벅지
27647.0,24,2018.0,좌측면,단어,KETI_SL_0000027647,허벅지
28066.0,24,2018.0,우측면,단어,KETI_SL_0000028066,허벅지
28485.0,25,2018.0,정면,단어,KETI_SL_0000028485,허벅지
28904.0,25,2018.0,좌측면,단어,KETI_SL_0000028904,허벅지
29323.0,25,2018.0,우측면,단어,KETI_SL_0000029323,허벅지
29742.0,26,2018.0,정면,단어,KETI_SL_0000029742,허벅지
30161.0,26,2018.0,좌측면,단어,KETI_SL_0000030161,허벅지
30580.0,26,2018.0,우측면,단어,KETI_SL_0000030580,허벅지
30999.0,27,2018.0,정면,단어,KETI_SL_0000030999,허벅지
31418.0,27,2018.0,좌측면,단어,KETI_SL_0000031418,허벅지
31837.0,27,2018.0,우측면,단어,KETI_SL_0000031837,허벅지
32256.0,28,2018.0,정면,단어,KETI_SL_0000032256,허벅지
32675.0,28,2018.0,좌측면,단어,KETI_SL_0000032675,허벅지
33094.0,28,2018.0,우측면,단어,KETI_SL_0000033094,허벅지
33513.0,29,2018.0,정면,단어,KETI_SL_0000033513,허벅지
33932.0,29,2018.0,좌측면,단어,KETI_SL_0000033932,허벅지
34351.0,29,2018.0,우측면,단어,KETI_SL_0000034351,허벅지
34770.0,30,2018.0,정면,단어,KETI_SL_0000034770,허벅지
35189.0,30,2018.0,좌측면,단어,KETI_SL_0000035189,허벅지
35608.0,30,2018.0,우측면,단어,KETI_SL_0000035608,허벅지
36027.0,.,2018.0,정면,단어,KETI_SL_0000036027,허벅지
36446.0,.,2018.0,좌측면,단어,KETI_SL_0000036446,허벅지
36865.0,.,2018.0,우측면,단어,KETI_SL_0000036865,허벅지
10892.0,11,2018.0,정면,단어,KETI_SL_0000010892,호흡곤란
11311.0,11,2018.0,좌측면,단어,KETI_SL_0000011311,호흡곤란
11730.0,11,2018.0,우측면,단어,KETI_SL_0000011730,호흡곤란
12149.0,12,2018.0,정면,단어,KETI_SL_0000012149,호흡곤란
12568.0,12,2018.0,좌측면,단어,KETI_SL_0000012568,호흡곤란
12987.0,12,2018.0,우측면,단어,KETI_SL_0000012987,호흡곤란
13406.0,13,2018.0,정면,단어,KETI_SL_0000013406,호흡곤란
13825.0,13,2018.0,좌측면,단어,KETI_SL_0000013825,호흡곤란
14244.0,13,2018.0,우측면,단어,KETI_SL_0000014244,호흡곤란
14663.0,14,2018.0,정면,단어,KETI_SL_0000014663,호흡곤란
15082.0,14,2018.0,좌측면,단어,KETI_SL_0000015082,호흡곤란
15501.0,14,2018.0,우측면,단어,KETI_SL_0000015501,호흡곤란
15920.0,15,2018.0,정면,단어,KETI_SL_0000015920,호흡곤란
16339.0,15,2018.0,좌측면,단어,KETI_SL_0000016339,호흡곤란
16758.0,15,2018.0,우측면,단어,KETI_SL_0000016758,호흡곤란
17177.0,16,2018.0,정면,단어,KETI_SL_0000017177,호흡곤란
17596.0,16,2018.0,좌측면,단어,KETI_SL_0000017596,호흡곤란
18015.0,16,2018.0,우측면,단어,KETI_SL_0000018015,호흡곤란
18434.0,17,2018.0,정면,단어,KETI_SL_0000018434,호흡곤란
18853.0,17,2018.0,좌측면,단어,KETI_SL_0000018853,호흡곤란
19272.0,17,2018.0,우측면,단어,KETI_SL_0000019272,호흡곤란
19691.0,18,2018.0,정면,단어,KETI_SL_0000019691,호흡곤란
20110.0,18,2018.0,좌측면,단어,KETI_SL_0000020110,호흡곤란
20529.0,18,2018.0,우측면,단어,KETI_SL_0000020529,호흡곤란
20948.0,19,2018.0,정면,단어,KETI_SL_0000020948,호흡곤란
21367.0,19,2018.0,좌측면,단어,KETI_SL_0000021367,호흡곤란
21786.0,19,2018.0,우측면,단어,KETI_SL_0000021786,호흡곤란
22205.0,20,2018.0,정면,단어,KETI_SL_0000022205,호흡곤란
22624.0,20,2018.0,좌측면,단어,KETI_SL_0000022624,호흡곤란
23043.0,20,2018.0,우측면,단어,KETI_SL_0000023043,호흡곤란
23462.0,21,2018.0,정면,단어,KETI_SL_0000023462,호흡곤란
23881.0,21,2018.0,좌측면,단어,KETI_SL_0000023881,호흡곤란
24300.0,21,2018.0,우측면,단어,KETI_SL_0000024300,호흡곤란
24719.0,22,2018.0,정면,단어,KETI_SL_0000024719,호흡곤란
25138.0,22,2018.0,좌측면,단어,KETI_SL_0000025138,호흡곤란
25557.0,22,2018.0,우측면,단어,KETI_SL_0000025557,호흡곤란
25976.0,23,2018.0,정면,단어,KETI_SL_0000025976,호흡곤란
26395.0,23,2018.0,좌측면,단어,KETI_SL_0000026395,호흡곤란
26814.0,23,2018.0,우측면,단어,KETI_SL_0000026814,호흡곤란
27233.0,24,2018.0,정면,단어,KETI_SL_0000027233,호흡곤란
27652.0,24,2018.0,좌측면,단어,KETI_SL_0000027652,호흡곤란
28071.0,24,2018.0,우측면,단어,KETI_SL_0000028071,호흡곤란
28490.0,25,2018.0,정면,단어,KETI_SL_0000028490,호흡곤란
28909.0,25,2018.0,좌측면,단어,KETI_SL_0000028909,호흡곤란
29328.0,25,2018.0,우측면,단어,KETI_SL_0000029328,호흡곤란
29747.0,26,2018.0,정면,단어,KETI_SL_0000029747,호흡곤란
30166.0,26,2018.0,좌측면,단어,KETI_SL_0000030166,호흡곤란
30585.0,26,2018.0,우측면,단어,KETI_SL_0000030585,호흡곤란
31004.0,27,2018.0,정면,단어,KETI_SL_0000031004,호흡곤란
31423.0,27,2018.0,좌측면,단어,KETI_SL_0000031423,호흡곤란
31842.0,27,2018.0,우측면,단어,KETI_SL_0000031842,호흡곤란
32261.0,28,2018.0,정면,단어,KETI_SL_0000032261,호흡곤란
32680.0,28,2018.0,좌측면,단어,KETI_SL_0000032680,호흡곤란
33099.0,28,2018.0,우측면,단어,KETI_SL_0000033099,호흡곤란
33518.0,29,2018.0,정면,단어,KETI_SL_0000033518,호흡곤란
33937.0,29,2018.0,좌측면,단어,KETI_SL_0000033937,호흡곤란
34356.0,29,2018.0,우측면,단어,KETI_SL_0000034356,호흡곤란
34775.0,30,2018.0,정면,단어,KETI_SL_0000034775,호흡곤란
35194.0,30,2018.0,좌측면,단어,KETI_SL_0000035194,호흡곤란
35613.0,30,2018.0,우측면,단어,KETI_SL_0000035613,호흡곤란
36032.0,.,2018.0,정면,단어,KETI_SL_0000036032,호흡곤란
36451.0,.,2018.0,좌측면,단어,KETI_SL_0000036451,호흡곤란
36870.0,.,2018.0,우측면,단어,KETI_SL_0000036870,호흡곤란
10895.0,11,2018.0,정면,단어,KETI_SL_0000010895,화상
11314.0,11,2018.0,좌측면,단어,KETI_SL_0000011314,화상
11733.0,11,2018.0,우측면,단어,KETI_SL_0000011733,화상
12152.0,12,2018.0,정면,단어,KETI_SL_0000012152,화상
12571.0,12,2018.0,좌측면,단어,KETI_SL_0000012571,화상
12990.0,12,2018.0,우측면,단어,KETI_SL_0000012990,화상
13409.0,13,2018.0,정면,단어,KETI_SL_0000013409,화상
13828.0,13,2018.0,좌측면,단어,KETI_SL_0000013828,화상
14247.0,13,2018.0,우측면,단어,KETI_SL_0000014247,화상
14666.0,14,2018.0,정면,단어,KETI_SL_0000014666,화상
15085.0,14,2018.0,좌측면,단어,KETI_SL_0000015085,화상
15504.0,14,2018.0,우측면,단어,KETI_SL_0000015504,화상
15923.0,15,2018.0,정면,단어,KETI_SL_0000015923,화상
16342.0,15,2018.0,좌측면,단어,KETI_SL_0000016342,화상
16761.0,15,2018.0,우측면,단어,KETI_SL_0000016761,화상
17180.0,16,2018.0,정면,단어,KETI_SL_0000017180,화상
17599.0,16,2018.0,좌측면,단어,KETI_SL_0000017599,화상
18018.0,16,2018.0,우측면,단어,KETI_SL_0000018018,화상
18437.0,17,2018.0,정면,단어,KETI_SL_0000018437,화상
18856.0,17,2018.0,좌측면,단어,KETI_SL_0000018856,화상
19275.0,17,2018.0,우측면,단어,KETI_SL_0000019275,화상
19694.0,18,2018.0,정면,단어,KETI_SL_0000019694,화상
20113.0,18,2018.0,좌측면,단어,KETI_SL_0000020113,화상
20532.0,18,2018.0,우측면,단어,KETI_SL_0000020532,화상
20951.0,19,2018.0,정면,단어,KETI_SL_0000020951,화상
21370.0,19,2018.0,좌측면,단어,KETI_SL_0000021370,화상
21789.0,19,2018.0,우측면,단어,KETI_SL_0000021789,화상
22208.0,20,2018.0,정면,단어,KETI_SL_0000022208,화상
22627.0,20,2018.0,좌측면,단어,KETI_SL_0000022627,화상
23046.0,20,2018.0,우측면,단어,KETI_SL_0000023046,화상
23465.0,21,2018.0,정면,단어,KETI_SL_0000023465,화상
23884.0,21,2018.0,좌측면,단어,KETI_SL_0000023884,화상
24303.0,21,2018.0,우측면,단어,KETI_SL_0000024303,화상
24722.0,22,2018.0,정면,단어,KETI_SL_0000024722,화상
25141.0,22,2018.0,좌측면,단어,KETI_SL_0000025141,화상
25560.0,22,2018.0,우측면,단어,KETI_SL_0000025560,화상
25979.0,23,2018.0,정면,단어,KETI_SL_0000025979,화상
26398.0,23,2018.0,좌측면,단어,KETI_SL_0000026398,화상
26817.0,23,2018.0,우측면,단어,KETI_SL_0000026817,화상
27236.0,24,2018.0,정면,단어,KETI_SL_0000027236,화상
27655.0,24,2018.0,좌측면,단어,KETI_SL_0000027655,화상
28074.0,24,2018.0,우측면,단어,KETI_SL_0000028074,화상
28493.0,25,2018.0,정면,단어,KETI_SL_0000028493,화상
28912.0,25,2018.0,좌측면,단어,KETI_SL_0000028912,화상
29331.0,25,2018.0,우측면,단어,KETI_SL_0000029331,화상
29750.0,26,2018.0,정면,단어,KETI_SL_0000029750,화상
30169.0,26,2018.0,좌측면,단어,KETI_SL_0000030169,화상
30588.0,26,2018.0,우측면,단어,KETI_SL_0000030588,화상
31007.0,27,2018.0,정면,단어,KETI_SL_0000031007,화상
31426.0,27,2018.0,좌측면,단어,KETI_SL_0000031426,화상
31845.0,27,2018.0,우측면,단어,KETI_SL_0000031845,화상
32264.0,28,2018.0,정면,단어,KETI_SL_0000032264,화상
32683.0,28,2018.0,좌측면,단어,KETI_SL_0000032683,화상
33102.0,28,2018.0,우측면,단어,KETI_SL_0000033102,화상
33521.0,29,2018.0,정면,단어,KETI_SL_0000033521,화상
33940.0,29,2018.0,좌측면,단어,KETI_SL_0000033940,화상
34359.0,29,2018.0,우측면,단어,KETI_SL_0000034359,화상
34778.0,30,2018.0,정면,단어,KETI_SL_0000034778,화상
35197.0,30,2018.0,좌측면,단어,KETI_SL_0000035197,화상
35616.0,30,2018.0,우측면,단어,KETI_SL_0000035616,화상
36035.0,.,2018.0,정면,단어,KETI_SL_0000036035,화상
36454.0,.,2018.0,좌측면,단어,KETI_SL_0000036454,화상
36873.0,.,2018.0,우측면,단어,KETI_SL_0000036873,화상
