35726.0,.,2018.0,정면,단어,KETI_SL_0000035726,가렵다
35728.0,.,2018.0,정면,단어,KETI_SL_0000035728,가슴
35754.0,.,2018.0,정면,단어,KETI_SL_0000035754,골절
35770.0,.,2018.0,정면,단어,KETI_SL_0000035770,귀
35776.0,.,2018.0,정면,단어,KETI_SL_0000035776,기절하다
35818.0,.,2018.0,정면,단어,KETI_SL_0000035818,떨어지다
35819.0,.,2018.0,정면,단어,KETI_SL_0000035819,쓰러지다
35826.0,.,2018.0,정면,단어,KETI_SL_0000035826,머리
35828.0,.,2018.0,정면,단어,KETI_SL_0000035828,목
35839.0,.,2018.0,정면,단어,KETI_SL_0000035839,발
35846.0,.,2018.0,정면,단어,KETI_SL_0000035846,복부
35870.0,.,2018.0,정면,단어,KETI_SL_0000035870,삼키다
35884.0,.,2018.0,정면,단어,KETI_SL_0000035884,손
35894.0,.,2018.0,정면,단어,KETI_SL_0000035894,심장마비
35912.0,.,2018.0,정면,단어,KETI_SL_0000035912,어깨
35914.0,.,2018.0,정면,단어,KETI_SL_0000035914,어지러움
35924.0,.,2018.0,정면,단어,KETI_SL_0000035924,열나다
35971.0,.,2018.0,정면,단어,KETI_SL_0000035971,자상
35992.0,.,2018.0,정면,단어,KETI_SL_0000035992,창백하다
35997.0,.,2018.0,정면,단어,KETI_SL_0000035997,출산
35999.0,.,2018.0,정면,단어,KETI_SL_0000035999,피나다
36006.0,.,2018.0,정면,단어,KETI_SL_0000036006,토하다
36012.0,.,2018.0,정면,단어,KETI_SL_0000036012,팔
36026.0,.,2018.0,정면,단어,KETI_SL_0000036026,허리
36032.0,.,2018.0,정면,단어,KETI_SL_0000036032,호흡곤란
36035.0,.,2018.0,정면,단어,KETI_SL_0000036035,화상
36145.0,.,2018.0,좌측면,단어,KETI_SL_0000036145,가렵다
36147.0,.,2018.0,좌측면,단어,KETI_SL_0000036147,가슴
36173.0,.,2018.0,좌측면,단어,KETI_SL_0000036173,골절
36189.0,.,2018.0,좌측면,단어,KETI_SL_0000036189,귀
36195.0,.,2018.0,좌측면,단어,KETI_SL_0000036195,기절하다
36237.0,.,2018.0,좌측면,단어,KETI_SL_0000036237,떨어지다
36238.0,.,2018.0,좌측면,단어,KETI_SL_0000036238,쓰러지다
36245.0,.,2018.0,좌측면,단어,KETI_SL_0000036245,머리
36247.0,.,2018.0,좌측면,단어,KETI_SL_0000036247,목
36258.0,.,2018.0,좌측면,단어,KETI_SL_0000036258,발
36265.0,.,2018.0,좌측면,단어,KETI_SL_0000036265,복부
36289.0,.,2018.0,좌측면,단어,KETI_SL_0000036289,삼키다
36303.0,.,2018.0,좌측면,단어,KETI_SL_0000036303,손
36313.0,.,2018.0,좌측면,단어,KETI_SL_0000036313,심장마비
36331.0,.,2018.0,좌측면,단어,KETI_SL_0000036331,어깨
36333.0,.,2018.0,좌측면,단어,KETI_SL_0000036333,어지러움
36343.0,.,2018.0,좌측면,단어,KETI_SL_0000036343,열나다
36390.0,.,2018.0,좌측면,단어,KETI_SL_0000036390,자상
36411.0,.,2018.0,좌측면,단어,KETI_SL_0000036411,창백하다
36416.0,.,2018.0,좌측면,단어,KETI_SL_0000036416,출산
36418.0,.,2018.0,좌측면,단어,KETI_SL_0000036418,피나다
36425.0,.,2018.0,좌측면,단어,KETI_SL_0000036425,토하다
36431.0,.,2018.0,좌측면,단어,KETI_SL_0000036431,팔
36445.0,.,2018.0,좌측면,단어,KETI_SL_0000036445,허리
36451.0,.,2018.0,좌측면,단어,KETI_SL_0000036451,호흡곤란
36454.0,.,2018.0,좌측면,단어,KETI_SL_0000036454,화상
36564.0,.,2018.0,우측면,단어,KETI_SL_0000036564,가렵다
36566.0,.,2018.0,우측면,단어,KETI_SL_0000036566,가슴
36592.0,.,2018.0,우측면,단어,KETI_SL_0000036592,골절
36608.0,.,2018.0,우측면,단어,KETI_SL_0000036608,귀
36614.0,.,2018.0,우측면,단어,KETI_SL_0000036614,기절하다
36656.0,.,2018.0,우측면,단어,KETI_SL_0000036656,떨어지다
36657.0,.,2018.0,우측면,단어,KETI_SL_0000036657,쓰러지다
36664.0,.,2018.0,우측면,단어,KETI_SL_0000036664,머리
36666.0,.,2018.0,우측면,단어,KETI_SL_0000036666,목
36677.0,.,2018.0,우측면,단어,KETI_SL_0000036677,발
36684.0,.,2018.0,우측면,단어,KETI_SL_0000036684,복부
36708.0,.,2018.0,우측면,단어,KETI_SL_0000036708,삼키다
36722.0,.,2018.0,우측면,단어,KETI_SL_0000036722,손
36732.0,.,2018.0,우측면,단어,KETI_SL_0000036732,심장마비
36750.0,.,2018.0,우측면,단어,KETI_SL_0000036750,어깨
36752.0,.,2018.0,우측면,단어,KETI_SL_0000036752,어지러움
36762.0,.,2018.0,우측면,단어,KETI_SL_0000036762,열나다
36809.0,.,2018.0,우측면,단어,KETI_SL_0000036809,자상
36830.0,.,2018.0,우측면,단어,KETI_SL_0000036830,창백하다
36835.0,.,2018.0,우측면,단어,KETI_SL_0000036835,출산
36837.0,.,2018.0,우측면,단어,KETI_SL_0000036837,피나다
36844.0,.,2018.0,우측면,단어,KETI_SL_0000036844,토하다
36850.0,.,2018.0,우측면,단어,KETI_SL_0000036850,팔
36864.0,.,2018.0,우측면,단어,KETI_SL_0000036864,허리
36870.0,.,2018.0,우측면,단어,KETI_SL_0000036870,호흡곤란
36873.0,.,2018.0,우측면,단어,KETI_SL_0000036873,화상
10586.0,11,2018.0,정면,단어,KETI_SL_0000010586,가렵다
10588.0,11,2018.0,정면,단어,KETI_SL_0000010588,가슴
10614.0,11,2018.0,정면,단어,KETI_SL_0000010614,골절
10630.0,11,2018.0,정면,단어,KETI_SL_0000010630,귀
10636.0,11,2018.0,정면,단어,KETI_SL_0000010636,기절하다
10678.0,11,2018.0,정면,단어,KETI_SL_0000010678,떨어지다
10679.0,11,2018.0,정면,단어,KETI_SL_0000010679,쓰러지다
10686.0,11,2018.0,정면,단어,KETI_SL_0000010686,머리
10688.0,11,2018.0,정면,단어,KETI_SL_0000010688,목
10699.0,11,2018.0,정면,단어,KETI_SL_0000010699,발
10706.0,11,2018.0,정면,단어,KETI_SL_0000010706,복부
10730.0,11,2018.0,정면,단어,KETI_SL_0000010730,삼키다
10744.0,11,2018.0,정면,단어,KETI_SL_0000010744,손
10754.0,11,2018.0,정면,단어,KETI_SL_0000010754,심장마비
10772.0,11,2018.0,정면,단어,KETI_SL_0000010772,어깨
10774.0,11,2018.0,정면,단어,KETI_SL_0000010774,어지러움
10784.0,11,2018.0,정면,단어,KETI_SL_0000010784,열나다
10831.0,11,2018.0,정면,단어,KETI_SL_0000010831,자상
10852.0,11,2018.0,정면,단어,KETI_SL_0000010852,창백하다
10857.0,11,2018.0,정면,단어,KETI_SL_0000010857,출산
10859.0,11,2018.0,정면,단어,KETI_SL_0000010859,피나다
10866.0,11,2018.0,정면,단어,KETI_SL_0000010866,토하다
10872.0,11,2018.0,정면,단어,KETI_SL_0000010872,팔
10886.0,11,2018.0,정면,단어,KETI_SL_0000010886,허리
10892.0,11,2018.0,정면,단어,KETI_SL_0000010892,호흡곤란
10895.0,11,2018.0,정면,단어,KETI_SL_0000010895,화상
11005.0,11,2018.0,좌측면,단어,KETI_SL_0000011005,가렵다
11007.0,11,2018.0,좌측면,단어,KETI_SL_0000011007,가슴
11033.0,11,2018.0,좌측면,단어,KETI_SL_0000011033,골절
11049.0,11,2018.0,좌측면,단어,KETI_SL_0000011049,귀
11055.0,11,2018.0,좌측면,단어,KETI_SL_0000011055,기절하다
11097.0,11,2018.0,좌측면,단어,KETI_SL_0000011097,떨어지다
11098.0,11,2018.0,좌측면,단어,KETI_SL_0000011098,쓰러지다
11105.0,11,2018.0,좌측면,단어,KETI_SL_0000011105,머리
11107.0,11,2018.0,좌측면,단어,KETI_SL_0000011107,목
11118.0,11,2018.0,좌측면,단어,KETI_SL_0000011118,발
11125.0,11,2018.0,좌측면,단어,KETI_SL_0000011125,복부
11149.0,11,2018.0,좌측면,단어,KETI_SL_0000011149,삼키다
11163.0,11,2018.0,좌측면,단어,KETI_SL_0000011163,손
11173.0,11,2018.0,좌측면,단어,KETI_SL_0000011173,심장마비
11191.0,11,2018.0,좌측면,단어,KETI_SL_0000011191,어깨
11193.0,11,2018.0,좌측면,단어,KETI_SL_0000011193,어지러움
11203.0,11,2018.0,좌측면,단어,KETI_SL_0000011203,열나다
11250.0,11,2018.0,좌측면,단어,KETI_SL_0000011250,자상
11271.0,11,2018.0,좌측면,단어,KETI_SL_0000011271,창백하다
11276.0,11,2018.0,좌측면,단어,KETI_SL_0000011276,출산
11278.0,11,2018.0,좌측면,단어,KETI_SL_0000011278,피나다
11285.0,11,2018.0,좌측면,단어,KETI_SL_0000011285,토하다
11291.0,11,2018.0,좌측면,단어,KETI_SL_0000011291,팔
11305.0,11,2018.0,좌측면,단어,KETI_SL_0000011305,허리
11311.0,11,2018.0,좌측면,단어,KETI_SL_0000011311,호흡곤란
11314.0,11,2018.0,좌측면,단어,KETI_SL_0000011314,화상
11424.0,11,2018.0,우측면,단어,KETI_SL_0000011424,가렵다
11426.0,11,2018.0,우측면,단어,KETI_SL_0000011426,가슴
11452.0,11,2018.0,우측면,단어,KETI_SL_0000011452,골절
11468.0,11,2018.0,우측면,단어,KETI_SL_0000011468,귀
11474.0,11,2018.0,우측면,단어,KETI_SL_0000011474,기절하다
11516.0,11,2018.0,우측면,단어,KETI_SL_0000011516,떨어지다
11517.0,11,2018.0,우측면,단어,KETI_SL_0000011517,쓰러지다
11524.0,11,2018.0,우측면,단어,KETI_SL_0000011524,머리
11526.0,11,2018.0,우측면,단어,KETI_SL_0000011526,목
11537.0,11,2018.0,우측면,단어,KETI_SL_0000011537,발
11544.0,11,2018.0,우측면,단어,KETI_SL_0000011544,복부
11568.0,11,2018.0,우측면,단어,KETI_SL_0000011568,삼키다
11582.0,11,2018.0,우측면,단어,KETI_SL_0000011582,손
11592.0,11,2018.0,우측면,단어,KETI_SL_0000011592,심장마비
11610.0,11,2018.0,우측면,단어,KETI_SL_0000011610,어깨
11612.0,11,2018.0,우측면,단어,KETI_SL_0000011612,어지러움
11622.0,11,2018.0,우측면,단어,KETI_SL_0000011622,열나다
11669.0,11,2018.0,우측면,단어,KETI_SL_0000011669,자상
11690.0,11,2018.0,우측면,단어,KETI_SL_0000011690,창백하다
11695.0,11,2018.0,우측면,단어,KETI_SL_0000011695,출산
11697.0,11,2018.0,우측면,단어,KETI_SL_0000011697,피나다
11704.0,11,2018.0,우측면,단어,KETI_SL_0000011704,토하다
11710.0,11,2018.0,우측면,단어,KETI_SL_0000011710,팔
11724.0,11,2018.0,우측면,단어,KETI_SL_0000011724,허리
11730.0,11,2018.0,우측면,단어,KETI_SL_0000011730,호흡곤란
11733.0,11,2018.0,우측면,단어,KETI_SL_0000011733,화상
11843.0,12,2018.0,정면,단어,KETI_SL_0000011843,가렵다
11845.0,12,2018.0,정면,단어,KETI_SL_0000011845,가슴
11871.0,12,2018.0,정면,단어,KETI_SL_0000011871,골절
11887.0,12,2018.0,정면,단어,KETI_SL_0000011887,귀
11893.0,12,2018.0,정면,단어,KETI_SL_0000011893,기절하다
11935.0,12,2018.0,정면,단어,KETI_SL_0000011935,떨어지다
11936.0,12,2018.0,정면,단어,KETI_SL_0000011936,쓰러지다
11943.0,12,2018.0,정면,단어,KETI_SL_0000011943,머리
11945.0,12,2018.0,정면,단어,KETI_SL_0000011945,목
11956.0,12,2018.0,정면,단어,KETI_SL_0000011956,발
11963.0,12,2018.0,정면,단어,KETI_SL_0000011963,복부
11987.0,12,2018.0,정면,단어,KETI_SL_0000011987,삼키다
12001.0,12,2018.0,정면,단어,KETI_SL_0000012001,손
12011.0,12,2018.0,정면,단어,KETI_SL_0000012011,심장마비
12029.0,12,2018.0,정면,단어,KETI_SL_0000012029,어깨
12031.0,12,2018.0,정면,단어,KETI_SL_0000012031,어지러움
12041.0,12,2018.0,정면,단어,KETI_SL_0000012041,열나다
12088.0,12,2018.0,정면,단어,KETI_SL_0000012088,자상
12109.0,12,2018.0,정면,단어,KETI_SL_0000012109,창백하다
12114.0,12,2018.0,정면,단어,KETI_SL_0000012114,출산
12116.0,12,2018.0,정면,단어,KETI_SL_0000012116,피나다
12123.0,12,2018.0,정면,단어,KETI_SL_0000012123,토하다
12129.0,12,2018.0,정면,단어,KETI_SL_0000012129,팔
12143.0,12,2018.0,정면,단어,KETI_SL_0000012143,허리
12149.0,12,2018.0,정면,단어,KETI_SL_0000012149,호흡곤란
12152.0,12,2018.0,정면,단어,KETI_SL_0000012152,화상
12262.0,12,2018.0,좌측면,단어,KETI_SL_0000012262,가렵다
12264.0,12,2018.0,좌측면,단어,KETI_SL_0000012264,가슴
12290.0,12,2018.0,좌측면,단어,KETI_SL_0000012290,골절
12306.0,12,2018.0,좌측면,단어,KETI_SL_0000012306,귀
12312.0,12,2018.0,좌측면,단어,KETI_SL_0000012312,기절하다
12354.0,12,2018.0,좌측면,단어,KETI_SL_0000012354,떨어지다
12355.0,12,2018.0,좌측면,단어,KETI_SL_0000012355,쓰러지다
12362.0,12,2018.0,좌측면,단어,KETI_SL_0000012362,머리
12364.0,12,2018.0,좌측면,단어,KETI_SL_0000012364,목
12375.0,12,2018.0,좌측면,단어,KETI_SL_0000012375,발
12382.0,12,2018.0,좌측면,단어,KETI_SL_0000012382,복부
12406.0,12,2018.0,좌측면,단어,KETI_SL_0000012406,삼키다
12420.0,12,2018.0,좌측면,단어,KETI_SL_0000012420,손
12430.0,12,2018.0,좌측면,단어,KETI_SL_0000012430,심장마비
12448.0,12,2018.0,좌측면,단어,KETI_SL_0000012448,어깨
12450.0,12,2018.0,좌측면,단어,KETI_SL_0000012450,어지러움
12460.0,12,2018.0,좌측면,단어,KETI_SL_0000012460,열나다
12507.0,12,2018.0,좌측면,단어,KETI_SL_0000012507,자상
12528.0,12,2018.0,좌측면,단어,KETI_SL_0000012528,창백하다
12533.0,12,2018.0,좌측면,단어,KETI_SL_0000012533,출산
12535.0,12,2018.0,좌측면,단어,KETI_SL_0000012535,피나다
12542.0,12,2018.0,좌측면,단어,KETI_SL_0000012542,토하다
12548.0,12,2018.0,좌측면,단어,KETI_SL_0000012548,팔
12562.0,12,2018.0,좌측면,단어,KETI_SL_0000012562,허리
12568.0,12,2018.0,좌측면,단어,KETI_SL_0000012568,호흡곤란
12571.0,12,2018.0,좌측면,단어,KETI_SL_0000012571,화상
12681.0,12,2018.0,우측면,단어,KETI_SL_0000012681,가렵다
12683.0,12,2018.0,우측면,단어,KETI_SL_0000012683,가슴
12709.0,12,2018.0,우측면,단어,KETI_SL_0000012709,골절
12725.0,12,2018.0,우측면,단어,KETI_SL_0000012725,귀
12731.0,12,2018.0,우측면,단어,KETI_SL_0000012731,기절하다
12773.0,12,2018.0,우측면,단어,KETI_SL_0000012773,떨어지다
12774.0,12,2018.0,우측면,단어,KETI_SL_0000012774,쓰러지다
12781.0,12,2018.0,우측면,단어,KETI_SL_0000012781,머리
12783.0,12,2018.0,우측면,단어,KETI_SL_0000012783,목
12794.0,12,2018.0,우측면,단어,KETI_SL_0000012794,발
12801.0,12,2018.0,우측면,단어,KETI_SL_0000012801,복부
12825.0,12,2018.0,우측면,단어,KETI_SL_0000012825,삼키다
12839.0,12,2018.0,우측면,단어,KETI_SL_0000012839,손
12849.0,12,2018.0,우측면,단어,KETI_SL_0000012849,심장마비
12867.0,12,2018.0,우측면,단어,KETI_SL_0000012867,어깨
12869.0,12,2018.0,우측면,단어,KETI_SL_0000012869,어지러움
12879.0,12,2018.0,우측면,단어,KETI_SL_0000012879,열나다
12926.0,12,2018.0,우측면,단어,KETI_SL_0000012926,자상
12947.0,12,2018.0,우측면,단어,KETI_SL_0000012947,창백하다
12952.0,12,2018.0,우측면,단어,KETI_SL_0000012952,출산
12954.0,12,2018.0,우측면,단어,KETI_SL_0000012954,피나다
12961.0,12,2018.0,우측면,단어,KETI_SL_0000012961,토하다
12967.0,12,2018.0,우측면,단어,KETI_SL_0000012967,팔
12981.0,12,2018.0,우측면,단어,KETI_SL_0000012981,허리
12987.0,12,2018.0,우측면,단어,KETI_SL_0000012987,호흡곤란
12990.0,12,2018.0,우측면,단어,KETI_SL_0000012990,화상
13100.0,13,2018.0,정면,단어,KETI_SL_0000013100,가렵다
13102.0,13,2018.0,정면,단어,KETI_SL_0000013102,가슴
13128.0,13,2018.0,정면,단어,KETI_SL_0000013128,골절
13144.0,13,2018.0,정면,단어,KETI_SL_0000013144,귀
13150.0,13,2018.0,정면,단어,KETI_SL_0000013150,기절하다
13192.0,13,2018.0,정면,단어,KETI_SL_0000013192,떨어지다
13193.0,13,2018.0,정면,단어,KETI_SL_0000013193,쓰러지다
13200.0,13,2018.0,정면,단어,KETI_SL_0000013200,머리
13202.0,13,2018.0,정면,단어,KETI_SL_0000013202,목
13213.0,13,2018.0,정면,단어,KETI_SL_0000013213,발
13220.0,13,2018.0,정면,단어,KETI_SL_0000013220,복부
13244.0,13,2018.0,정면,단어,KETI_SL_0000013244,삼키다
13258.0,13,2018.0,정면,단어,KETI_SL_0000013258,손
13268.0,13,2018.0,정면,단어,KETI_SL_0000013268,심장마비
13286.0,13,2018.0,정면,단어,KETI_SL_0000013286,어깨
13288.0,13,2018.0,정면,단어,KETI_SL_0000013288,어지러움
13298.0,13,2018.0,정면,단어,KETI_SL_0000013298,열나다
13345.0,13,2018.0,정면,단어,KETI_SL_0000013345,자상
13366.0,13,2018.0,정면,단어,KETI_SL_0000013366,창백하다
13371.0,13,2018.0,정면,단어,KETI_SL_0000013371,출산
13373.0,13,2018.0,정면,단어,KETI_SL_0000013373,피나다
13380.0,13,2018.0,정면,단어,KETI_SL_0000013380,토하다
13386.0,13,2018.0,정면,단어,KETI_SL_0000013386,팔
13400.0,13,2018.0,정면,단어,KETI_SL_0000013400,허리
13406.0,13,2018.0,정면,단어,KETI_SL_0000013406,호흡곤란
13409.0,13,2018.0,정면,단어,KETI_SL_0000013409,화상
13519.0,13,2018.0,좌측면,단어,KETI_SL_0000013519,가렵다
13521.0,13,2018.0,좌측면,단어,KETI_SL_0000013521,가슴
13547.0,13,2018.0,좌측면,단어,KETI_SL_0000013547,골절
13563.0,13,2018.0,좌측면,단어,KETI_SL_0000013563,귀
13569.0,13,2018.0,좌측면,단어,KETI_SL_0000013569,기절하다
13611.0,13,2018.0,좌측면,단어,KETI_SL_0000013611,떨어지다
13612.0,13,2018.0,좌측면,단어,KETI_SL_0000013612,쓰러지다
13619.0,13,2018.0,좌측면,단어,KETI_SL_0000013619,머리
13621.0,13,2018.0,좌측면,단어,KETI_SL_0000013621,목
13632.0,13,2018.0,좌측면,단어,KETI_SL_0000013632,발
13639.0,13,2018.0,좌측면,단어,KETI_SL_0000013639,복부
13663.0,13,2018.0,좌측면,단어,KETI_SL_0000013663,삼키다
13677.0,13,2018.0,좌측면,단어,KETI_SL_0000013677,손
13687.0,13,2018.0,좌측면,단어,KETI_SL_0000013687,심장마비
13705.0,13,2018.0,좌측면,단어,KETI_SL_0000013705,어깨
13707.0,13,2018.0,좌측면,단어,KETI_SL_0000013707,어지러움
13717.0,13,2018.0,좌측면,단어,KETI_SL_0000013717,열나다
13764.0,13,2018.0,좌측면,단어,KETI_SL_0000013764,자상
13785.0,13,2018.0,좌측면,단어,KETI_SL_0000013785,창백하다
13790.0,13,2018.0,좌측면,단어,KETI_SL_0000013790,출산
13792.0,13,2018.0,좌측면,단어,KETI_SL_0000013792,피나다
13799.0,13,2018.0,좌측면,단어,KETI_SL_0000013799,토하다
13805.0,13,2018.0,좌측면,단어,KETI_SL_0000013805,팔
13819.0,13,2018.0,좌측면,단어,KETI_SL_0000013819,허리
13825.0,13,2018.0,좌측면,단어,KETI_SL_0000013825,호흡곤란
13828.0,13,2018.0,좌측면,단어,KETI_SL_0000013828,화상
13938.0,13,2018.0,우측면,단어,KETI_SL_0000013938,가렵다
13940.0,13,2018.0,우측면,단어,KETI_SL_0000013940,가슴
13966.0,13,2018.0,우측면,단어,KETI_SL_0000013966,골절
13982.0,13,2018.0,우측면,단어,KETI_SL_0000013982,귀
13988.0,13,2018.0,우측면,단어,KETI_SL_0000013988,기절하다
14030.0,13,2018.0,우측면,단어,KETI_SL_0000014030,떨어지다
14031.0,13,2018.0,우측면,단어,KETI_SL_0000014031,쓰러지다
14038.0,13,2018.0,우측면,단어,KETI_SL_0000014038,머리
14040.0,13,2018.0,우측면,단어,KETI_SL_0000014040,목
14051.0,13,2018.0,우측면,단어,KETI_SL_0000014051,발
14058.0,13,2018.0,우측면,단어,KETI_SL_0000014058,복부
14082.0,13,2018.0,우측면,단어,KETI_SL_0000014082,삼키다
14096.0,13,2018.0,우측면,단어,KETI_SL_0000014096,손
14106.0,13,2018.0,우측면,단어,KETI_SL_0000014106,심장마비
14124.0,13,2018.0,우측면,단어,KETI_SL_0000014124,어깨
14126.0,13,2018.0,우측면,단어,KETI_SL_0000014126,어지러움
14136.0,13,2018.0,우측면,단어,KETI_SL_0000014136,열나다
14183.0,13,2018.0,우측면,단어,KETI_SL_0000014183,자상
14204.0,13,2018.0,우측면,단어,KETI_SL_0000014204,창백하다
14209.0,13,2018.0,우측면,단어,KETI_SL_0000014209,출산
14211.0,13,2018.0,우측면,단어,KETI_SL_0000014211,피나다
14218.0,13,2018.0,우측면,단어,KETI_SL_0000014218,토하다
14224.0,13,2018.0,우측면,단어,KETI_SL_0000014224,팔
14238.0,13,2018.0,우측면,단어,KETI_SL_0000014238,허리
14244.0,13,2018.0,우측면,단어,KETI_SL_0000014244,호흡곤란
14247.0,13,2018.0,우측면,단어,KETI_SL_0000014247,화상
14357.0,14,2018.0,정면,단어,KETI_SL_0000014357,가렵다
14359.0,14,2018.0,정면,단어,KETI_SL_0000014359,가슴
14385.0,14,2018.0,정면,단어,KETI_SL_0000014385,골절
14401.0,14,2018.0,정면,단어,KETI_SL_0000014401,귀
14407.0,14,2018.0,정면,단어,KETI_SL_0000014407,기절하다
14449.0,14,2018.0,정면,단어,KETI_SL_0000014449,떨어지다
14450.0,14,2018.0,정면,단어,KETI_SL_0000014450,쓰러지다
14457.0,14,2018.0,정면,단어,KETI_SL_0000014457,머리
14459.0,14,2018.0,정면,단어,KETI_SL_0000014459,목
14470.0,14,2018.0,정면,단어,KETI_SL_0000014470,발
14477.0,14,2018.0,정면,단어,KETI_SL_0000014477,복부
14501.0,14,2018.0,정면,단어,KETI_SL_0000014501,삼키다
14515.0,14,2018.0,정면,단어,KETI_SL_0000014515,손
14525.0,14,2018.0,정면,단어,KETI_SL_0000014525,심장마비
14543.0,14,2018.0,정면,단어,KETI_SL_0000014543,어깨
14545.0,14,2018.0,정면,단어,KETI_SL_0000014545,어지러움
14555.0,14,2018.0,정면,단어,KETI_SL_0000014555,열나다
14602.0,14,2018.0,정면,단어,KETI_SL_0000014602,자상
14623.0,14,2018.0,정면,단어,KETI_SL_0000014623,창백하다
14628.0,14,2018.0,정면,단어,KETI_SL_0000014628,출산
14630.0,14,2018.0,정면,단어,KETI_SL_0000014630,피나다
14637.0,14,2018.0,정면,단어,KETI_SL_0000014637,토하다
14643.0,14,2018.0,정면,단어,KETI_SL_0000014643,팔
14657.0,14,2018.0,정면,단어,KETI_SL_0000014657,허리
14663.0,14,2018.0,정면,단어,KETI_SL_0000014663,호흡곤란
14666.0,14,2018.0,정면,단어,KETI_SL_0000014666,화상
14776.0,14,2018.0,좌측면,단어,KETI_SL_0000014776,가렵다
14778.0,14,2018.0,좌측면,단어,KETI_SL_0000014778,가슴
14804.0,14,2018.0,좌측면,단어,KETI_SL_0000014804,골절
14820.0,14,2018.0,좌측면,단어,KETI_SL_0000014820,귀
14826.0,14,2018.0,좌측면,단어,KETI_SL_0000014826,기절하다
14868.0,14,2018.0,좌측면,단어,KETI_SL_0000014868,떨어지다
14869.0,14,2018.0,좌측면,단어,KETI_SL_0000014869,쓰러지다
14876.0,14,2018.0,좌측면,단어,KETI_SL_0000014876,머리
14878.0,14,2018.0,좌측면,단어,KETI_SL_0000014878,목
14889.0,14,2018.0,좌측면,단어,KETI_SL_0000014889,발
14896.0,14,2018.0,좌측면,단어,KETI_SL_0000014896,복부
14920.0,14,2018.0,좌측면,단어,KETI_SL_0000014920,삼키다
14934.0,14,2018.0,좌측면,단어,KETI_SL_0000014934,손
14944.0,14,2018.0,좌측면,단어,KETI_SL_0000014944,심장마비
14962.0,14,2018.0,좌측면,단어,KETI_SL_0000014962,어깨
14964.0,14,2018.0,좌측면,단어,KETI_SL_0000014964,어지러움
14974.0,14,2018.0,좌측면,단어,KETI_SL_0000014974,열나다
15021.0,14,2018.0,좌측면,단어,KETI_SL_0000015021,자상
15042.0,14,2018.0,좌측면,단어,KETI_SL_0000015042,창백하다
15047.0,14,2018.0,좌측면,단어,KETI_SL_0000015047,출산
15049.0,14,2018.0,좌측면,단어,KETI_SL_0000015049,피나다
15056.0,14,2018.0,좌측면,단어,KETI_SL_0000015056,토하다
15062.0,14,2018.0,좌측면,단어,KETI_SL_0000015062,팔
15076.0,14,2018.0,좌측면,단어,KETI_SL_0000015076,허리
15082.0,14,2018.0,좌측면,단어,KETI_SL_0000015082,호흡곤란
15085.0,14,2018.0,좌측면,단어,KETI_SL_0000015085,화상
15195.0,14,2018.0,우측면,단어,KETI_SL_0000015195,가렵다
15197.0,14,2018.0,우측면,단어,KETI_SL_0000015197,가슴
15223.0,14,2018.0,우측면,단어,KETI_SL_0000015223,골절
15239.0,14,2018.0,우측면,단어,KETI_SL_0000015239,귀
15245.0,14,2018.0,우측면,단어,KETI_SL_0000015245,기절하다
15287.0,14,2018.0,우측면,단어,KETI_SL_0000015287,떨어지다
15288.0,14,2018.0,우측면,단어,KETI_SL_0000015288,쓰러지다
15295.0,14,2018.0,우측면,단어,KETI_SL_0000015295,머리
15297.0,14,2018.0,우측면,단어,KETI_SL_0000015297,목
15308.0,14,2018.0,우측면,단어,KETI_SL_0000015308,발
15315.0,14,2018.0,우측면,단어,KETI_SL_0000015315,복부
15339.0,14,2018.0,우측면,단어,KETI_SL_0000015339,삼키다
15353.0,14,2018.0,우측면,단어,KETI_SL_0000015353,손
15363.0,14,2018.0,우측면,단어,KETI_SL_0000015363,심장마비
15381.0,14,2018.0,우측면,단어,KETI_SL_0000015381,어깨
15383.0,14,2018.0,우측면,단어,KETI_SL_0000015383,어지러움
15393.0,14,2018.0,우측면,단어,KETI_SL_0000015393,열나다
15440.0,14,2018.0,우측면,단어,KETI_SL_0000015440,자상
15461.0,14,2018.0,우측면,단어,KETI_SL_0000015461,창백하다
15466.0,14,2018.0,우측면,단어,KETI_SL_0000015466,출산
15468.0,14,2018.0,우측면,단어,KETI_SL_0000015468,피나다
15475.0,14,2018.0,우측면,단어,KETI_SL_0000015475,토하다
15481.0,14,2018.0,우측면,단어,KETI_SL_0000015481,팔
15495.0,14,2018.0,우측면,단어,KETI_SL_0000015495,허리
15501.0,14,2018.0,우측면,단어,KETI_SL_0000015501,호흡곤란
15504.0,14,2018.0,우측면,단어,KETI_SL_0000015504,화상
15614.0,15,2018.0,정면,단어,KETI_SL_0000015614,가렵다
15616.0,15,2018.0,정면,단어,KETI_SL_0000015616,가슴
15642.0,15,2018.0,정면,단어,KETI_SL_0000015642,골절
15658.0,15,2018.0,정면,단어,KETI_SL_0000015658,귀
15664.0,15,2018.0,정면,단어,KETI_SL_0000015664,기절하다
15706.0,15,2018.0,정면,단어,KETI_SL_0000015706,떨어지다
15707.0,15,2018.0,정면,단어,KETI_SL_0000015707,쓰러지다
15714.0,15,2018.0,정면,단어,KETI_SL_0000015714,머리
15716.0,15,2018.0,정면,단어,KETI_SL_0000015716,목
15727.0,15,2018.0,정면,단어,KETI_SL_0000015727,발
15734.0,15,2018.0,정면,단어,KETI_SL_0000015734,복부
15758.0,15,2018.0,정면,단어,KETI_SL_0000015758,삼키다
15772.0,15,2018.0,정면,단어,KETI_SL_0000015772,손
15782.0,15,2018.0,정면,단어,KETI_SL_0000015782,심장마비
15800.0,15,2018.0,정면,단어,KETI_SL_0000015800,어깨
15802.0,15,2018.0,정면,단어,KETI_SL_0000015802,어지러움
15812.0,15,2018.0,정면,단어,KETI_SL_0000015812,열나다
15859.0,15,2018.0,정면,단어,KETI_SL_0000015859,자상
15880.0,15,2018.0,정면,단어,KETI_SL_0000015880,창백하다
15885.0,15,2018.0,정면,단어,KETI_SL_0000015885,출산
15887.0,15,2018.0,정면,단어,KETI_SL_0000015887,피나다
15894.0,15,2018.0,정면,단어,KETI_SL_0000015894,토하다
15900.0,15,2018.0,정면,단어,KETI_SL_0000015900,팔
15914.0,15,2018.0,정면,단어,KETI_SL_0000015914,허리
15920.0,15,2018.0,정면,단어,KETI_SL_0000015920,호흡곤란
15923.0,15,2018.0,정면,단어,KETI_SL_0000015923,화상
16033.0,15,2018.0,좌측면,단어,KETI_SL_0000016033,가렵다
16035.0,15,2018.0,좌측면,단어,KETI_SL_0000016035,가슴
16061.0,15,2018.0,좌측면,단어,KETI_SL_0000016061,골절
16077.0,15,2018.0,좌측면,단어,KETI_SL_0000016077,귀
16083.0,15,2018.0,좌측면,단어,KETI_SL_0000016083,기절하다
16125.0,15,2018.0,좌측면,단어,KETI_SL_0000016125,떨어지다
16126.0,15,2018.0,좌측면,단어,KETI_SL_0000016126,쓰러지다
16133.0,15,2018.0,좌측면,단어,KETI_SL_0000016133,머리
16135.0,15,2018.0,좌측면,단어,KETI_SL_0000016135,목
16146.0,15,2018.0,좌측면,단어,KETI_SL_0000016146,발
16153.0,15,2018.0,좌측면,단어,KETI_SL_0000016153,복부
16177.0,15,2018.0,좌측면,단어,KETI_SL_0000016177,삼키다
16191.0,15,2018.0,좌측면,단어,KETI_SL_0000016191,손
16201.0,15,2018.0,좌측면,단어,KETI_SL_0000016201,심장마비
16219.0,15,2018.0,좌측면,단어,KETI_SL_0000016219,어깨
16221.0,15,2018.0,좌측면,단어,KETI_SL_0000016221,어지러움
16231.0,15,2018.0,좌측면,단어,KETI_SL_0000016231,열나다
16278.0,15,2018.0,좌측면,단어,KETI_SL_0000016278,자상
16299.0,15,2018.0,좌측면,단어,KETI_SL_0000016299,창백하다
16304.0,15,2018.0,좌측면,단어,KETI_SL_0000016304,출산
16306.0,15,2018.0,좌측면,단어,KETI_SL_0000016306,피나다
16313.0,15,2018.0,좌측면,단어,KETI_SL_0000016313,토하다
16319.0,15,2018.0,좌측면,단어,KETI_SL_0000016319,팔
16333.0,15,2018.0,좌측면,단어,KETI_SL_0000016333,허리
16339.0,15,2018.0,좌측면,단어,KETI_SL_0000016339,호흡곤란
16342.0,15,2018.0,좌측면,단어,KETI_SL_0000016342,화상
16452.0,15,2018.0,우측면,단어,KETI_SL_0000016452,가렵다
16454.0,15,2018.0,우측면,단어,KETI_SL_0000016454,가슴
16480.0,15,2018.0,우측면,단어,KETI_SL_0000016480,골절
16496.0,15,2018.0,우측면,단어,KETI_SL_0000016496,귀
16502.0,15,2018.0,우측면,단어,KETI_SL_0000016502,기절하다
16544.0,15,2018.0,우측면,단어,KETI_SL_0000016544,떨어지다
16545.0,15,2018.0,우측면,단어,KETI_SL_0000016545,쓰러지다
16552.0,15,2018.0,우측면,단어,KETI_SL_0000016552,머리
16554.0,15,2018.0,우측면,단어,KETI_SL_0000016554,목
16565.0,15,2018.0,우측면,단어,KETI_SL_0000016565,발
16572.0,15,2018.0,우측면,단어,KETI_SL_0000016572,복부
16596.0,15,2018.0,우측면,단어,KETI_SL_0000016596,삼키다
16610.0,15,2018.0,우측면,단어,KETI_SL_0000016610,손
16620.0,15,2018.0,우측면,단어,KETI_SL_0000016620,심장마비
16638.0,15,2018.0,우측면,단어,KETI_SL_0000016638,어깨
16640.0,15,2018.0,우측면,단어,KETI_SL_0000016640,어지러움
16650.0,15,2018.0,우측면,단어,KETI_SL_0000016650,열나다
16697.0,15,2018.0,우측면,단어,KETI_SL_0000016697,자상
16718.0,15,2018.0,우측면,단어,KETI_SL_0000016718,창백하다
16723.0,15,2018.0,우측면,단어,KETI_SL_0000016723,출산
16725.0,15,2018.0,우측면,단어,KETI_SL_0000016725,피나다
16732.0,15,2018.0,우측면,단어,KETI_SL_0000016732,토하다
16738.0,15,2018.0,우측면,단어,KETI_SL_0000016738,팔
16752.0,15,2018.0,우측면,단어,KETI_SL_0000016752,허리
16758.0,15,2018.0,우측면,단어,KETI_SL_0000016758,호흡곤란
16761.0,15,2018.0,우측면,단어,KETI_SL_0000016761,화상
16871.0,16,2018.0,정면,단어,KETI_SL_0000016871,가렵다
16873.0,16,2018.0,정면,단어,KETI_SL_0000016873,가슴
16899.0,16,2018.0,정면,단어,KETI_SL_0000016899,골절
16915.0,16,2018.0,정면,단어,KETI_SL_0000016915,귀
16921.0,16,2018.0,정면,단어,KETI_SL_0000016921,기절하다
16963.0,16,2018.0,정면,단어,KETI_SL_0000016963,떨어지다
16964.0,16,2018.0,정면,단어,KETI_SL_0000016964,쓰러지다
16971.0,16,2018.0,정면,단어,KETI_SL_0000016971,머리
16973.0,16,2018.0,정면,단어,KETI_SL_0000016973,목
16984.0,16,2018.0,정면,단어,KETI_SL_0000016984,발
16991.0,16,2018.0,정면,단어,KETI_SL_0000016991,복부
17015.0,16,2018.0,정면,단어,KETI_SL_0000017015,삼키다
17029.0,16,2018.0,정면,단어,KETI_SL_0000017029,손
17039.0,16,2018.0,정면,단어,KETI_SL_0000017039,심장마비
17057.0,16,2018.0,정면,단어,KETI_SL_0000017057,어깨
17059.0,16,2018.0,정면,단어,KETI_SL_0000017059,어지러움
17069.0,16,2018.0,정면,단어,KETI_SL_0000017069,열나다
17116.0,16,2018.0,정면,단어,KETI_SL_0000017116,자상
17137.0,16,2018.0,정면,단어,KETI_SL_0000017137,창백하다
17142.0,16,2018.0,정면,단어,KETI_SL_0000017142,출산
17144.0,16,2018.0,정면,단어,KETI_SL_0000017144,피나다
17151.0,16,2018.0,정면,단어,KETI_SL_0000017151,토하다
17157.0,16,2018.0,정면,단어,KETI_SL_0000017157,팔
17171.0,16,2018.0,정면,단어,KETI_SL_0000017171,허리
17177.0,16,2018.0,정면,단어,KETI_SL_0000017177,호흡곤란
17180.0,16,2018.0,정면,단어,KETI_SL_0000017180,화상
17290.0,16,2018.0,좌측면,단어,KETI_SL_0000017290,가렵다
17292.0,16,2018.0,좌측면,단어,KETI_SL_0000017292,가슴
17318.0,16,2018.0,좌측면,단어,KETI_SL_0000017318,골절
17334.0,16,2018.0,좌측면,단어,KETI_SL_0000017334,귀
17340.0,16,2018.0,좌측면,단어,KETI_SL_0000017340,기절하다
17382.0,16,2018.0,좌측면,단어,KETI_SL_0000017382,떨어지다
17383.0,16,2018.0,좌측면,단어,KETI_SL_0000017383,쓰러지다
17390.0,16,2018.0,좌측면,단어,KETI_SL_0000017390,머리
17392.0,16,2018.0,좌측면,단어,KETI_SL_0000017392,목
17403.0,16,2018.0,좌측면,단어,KETI_SL_0000017403,발
17410.0,16,2018.0,좌측면,단어,KETI_SL_0000017410,복부
17434.0,16,2018.0,좌측면,단어,KETI_SL_0000017434,삼키다
17448.0,16,2018.0,좌측면,단어,KETI_SL_0000017448,손
17458.0,16,2018.0,좌측면,단어,KETI_SL_0000017458,심장마비
17476.0,16,2018.0,좌측면,단어,KETI_SL_0000017476,어깨
17478.0,16,2018.0,좌측면,단어,KETI_SL_0000017478,어지러움
17488.0,16,2018.0,좌측면,단어,KETI_SL_0000017488,열나다
17535.0,16,2018.0,좌측면,단어,KETI_SL_0000017535,자상
17556.0,16,2018.0,좌측면,단어,KETI_SL_0000017556,창백하다
17561.0,16,2018.0,좌측면,단어,KETI_SL_0000017561,출산
17563.0,16,2018.0,좌측면,단어,KETI_SL_0000017563,피나다
17570.0,16,2018.0,좌측면,단어,KETI_SL_0000017570,토하다
17576.0,16,2018.0,좌측면,단어,KETI_SL_0000017576,팔
17590.0,16,2018.0,좌측면,단어,KETI_SL_0000017590,허리
17596.0,16,2018.0,좌측면,단어,KETI_SL_0000017596,호흡곤란
17599.0,16,2018.0,좌측면,단어,KETI_SL_0000017599,화상
17709.0,16,2018.0,우측면,단어,KETI_SL_0000017709,가렵다
17711.0,16,2018.0,우측면,단어,KETI_SL_0000017711,가슴
17737.0,16,2018.0,우측면,단어,KETI_SL_0000017737,골절
17753.0,16,2018.0,우측면,단어,KETI_SL_0000017753,귀
17759.0,16,2018.0,우측면,단어,KETI_SL_0000017759,기절하다
17801.0,16,2018.0,우측면,단어,KETI_SL_0000017801,떨어지다
17802.0,16,2018.0,우측면,단어,KETI_SL_0000017802,쓰러지다
17809.0,16,2018.0,우측면,단어,KETI_SL_0000017809,머리
17811.0,16,2018.0,우측면,단어,KETI_SL_0000017811,목
17822.0,16,2018.0,우측면,단어,KETI_SL_0000017822,발
17829.0,16,2018.0,우측면,단어,KETI_SL_0000017829,복부
17853.0,16,2018.0,우측면,단어,KETI_SL_0000017853,삼키다
17867.0,16,2018.0,우측면,단어,KETI_SL_0000017867,손
17877.0,16,2018.0,우측면,단어,KETI_SL_0000017877,심장마비
17895.0,16,2018.0,우측면,단어,KETI_SL_0000017895,어깨
17897.0,16,2018.0,우측면,단어,KETI_SL_0000017897,어지러움
17907.0,16,2018.0,우측면,단어,KETI_SL_0000017907,열나다
17954.0,16,2018.0,우측면,단어,KETI_SL_0000017954,자상
17975.0,16,2018.0,우측면,단어,KETI_SL_0000017975,창백하다
17980.0,16,2018.0,우측면,단어,KETI_SL_0000017980,출산
17982.0,16,2018.0,우측면,단어,KETI_SL_0000017982,피나다
17989.0,16,2018.0,우측면,단어,KETI_SL_0000017989,토하다
17995.0,16,2018.0,우측면,단어,KETI_SL_0000017995,팔
18009.0,16,2018.0,우측면,단어,KETI_SL_0000018009,허리
18015.0,16,2018.0,우측면,단어,KETI_SL_0000018015,호흡곤란
18018.0,16,2018.0,우측면,단어,KETI_SL_0000018018,화상
18128.0,17,2018.0,정면,단어,KETI_SL_0000018128,가렵다
18130.0,17,2018.0,정면,단어,KETI_SL_0000018130,가슴
18156.0,17,2018.0,정면,단어,KETI_SL_0000018156,골절
18172.0,17,2018.0,정면,단어,KETI_SL_0000018172,귀
18178.0,17,2018.0,정면,단어,KETI_SL_0000018178,기절하다
18220.0,17,2018.0,정면,단어,KETI_SL_0000018220,떨어지다
18221.0,17,2018.0,정면,단어,KETI_SL_0000018221,쓰러지다
18228.0,17,2018.0,정면,단어,KETI_SL_0000018228,머리
18230.0,17,2018.0,정면,단어,KETI_SL_0000018230,목
18241.0,17,2018.0,정면,단어,KETI_SL_0000018241,발
18248.0,17,2018.0,정면,단어,KETI_SL_0000018248,복부
18272.0,17,2018.0,정면,단어,KETI_SL_0000018272,삼키다
18286.0,17,2018.0,정면,단어,KETI_SL_0000018286,손
18296.0,17,2018.0,정면,단어,KETI_SL_0000018296,심장마비
18314.0,17,2018.0,정면,단어,KETI_SL_0000018314,어깨
18316.0,17,2018.0,정면,단어,KETI_SL_0000018316,어지러움
18326.0,17,2018.0,정면,단어,KETI_SL_0000018326,열나다
18373.0,17,2018.0,정면,단어,KETI_SL_0000018373,자상
18394.0,17,2018.0,정면,단어,KETI_SL_0000018394,창백하다
18399.0,17,2018.0,정면,단어,KETI_SL_0000018399,출산
18401.0,17,2018.0,정면,단어,KETI_SL_0000018401,피나다
18408.0,17,2018.0,정면,단어,KETI_SL_0000018408,토하다
18414.0,17,2018.0,정면,단어,KETI_SL_0000018414,팔
18428.0,17,2018.0,정면,단어,KETI_SL_0000018428,허리
18434.0,17,2018.0,정면,단어,KETI_SL_0000018434,호흡곤란
18437.0,17,2018.0,정면,단어,KETI_SL_0000018437,화상
18547.0,17,2018.0,좌측면,단어,KETI_SL_0000018547,가렵다
18549.0,17,2018.0,좌측면,단어,KETI_SL_0000018549,가슴
18575.0,17,2018.0,좌측면,단어,KETI_SL_0000018575,골절
18591.0,17,2018.0,좌측면,단어,KETI_SL_0000018591,귀
18597.0,17,2018.0,좌측면,단어,KETI_SL_0000018597,기절하다
18639.0,17,2018.0,좌측면,단어,KETI_SL_0000018639,떨어지다
18640.0,17,2018.0,좌측면,단어,KETI_SL_0000018640,쓰러지다
18647.0,17,2018.0,좌측면,단어,KETI_SL_0000018647,머리
18649.0,17,2018.0,좌측면,단어,KETI_SL_0000018649,목
18660.0,17,2018.0,좌측면,단어,KETI_SL_0000018660,발
18667.0,17,2018.0,좌측면,단어,KETI_SL_0000018667,복부
18691.0,17,2018.0,좌측면,단어,KETI_SL_0000018691,삼키다
18705.0,17,2018.0,좌측면,단어,KETI_SL_0000018705,손
18715.0,17,2018.0,좌측면,단어,KETI_SL_0000018715,심장마비
18733.0,17,2018.0,좌측면,단어,KETI_SL_0000018733,어깨
18735.0,17,2018.0,좌측면,단어,KETI_SL_0000018735,어지러움
18745.0,17,2018.0,좌측면,단어,KETI_SL_0000018745,열나다
18792.0,17,2018.0,좌측면,단어,KETI_SL_0000018792,자상
18813.0,17,2018.0,좌측면,단어,KETI_SL_0000018813,창백하다
18818.0,17,2018.0,좌측면,단어,KETI_SL_0000018818,출산
18820.0,17,2018.0,좌측면,단어,KETI_SL_0000018820,피나다
18827.0,17,2018.0,좌측면,단어,KETI_SL_0000018827,토하다
18833.0,17,2018.0,좌측면,단어,KETI_SL_0000018833,팔
18847.0,17,2018.0,좌측면,단어,KETI_SL_0000018847,허리
18853.0,17,2018.0,좌측면,단어,KETI_SL_0000018853,호흡곤란
18856.0,17,2018.0,좌측면,단어,KETI_SL_0000018856,화상
18966.0,17,2018.0,우측면,단어,KETI_SL_0000018966,가렵다
18968.0,17,2018.0,우측면,단어,KETI_SL_0000018968,가슴
18994.0,17,2018.0,우측면,단어,KETI_SL_0000018994,골절
19010.0,17,2018.0,우측면,단어,KETI_SL_0000019010,귀
19016.0,17,2018.0,우측면,단어,KETI_SL_0000019016,기절하다
19058.0,17,2018.0,우측면,단어,KETI_SL_0000019058,떨어지다
19059.0,17,2018.0,우측면,단어,KETI_SL_0000019059,쓰러지다
19066.0,17,2018.0,우측면,단어,KETI_SL_0000019066,머리
19068.0,17,2018.0,우측면,단어,KETI_SL_0000019068,목
19079.0,17,2018.0,우측면,단어,KETI_SL_0000019079,발
19086.0,17,2018.0,우측면,단어,KETI_SL_0000019086,복부
19110.0,17,2018.0,우측면,단어,KETI_SL_0000019110,삼키다
19124.0,17,2018.0,우측면,단어,KETI_SL_0000019124,손
19134.0,17,2018.0,우측면,단어,KETI_SL_0000019134,심장마비
19152.0,17,2018.0,우측면,단어,KETI_SL_0000019152,어깨
19154.0,17,2018.0,우측면,단어,KETI_SL_0000019154,어지러움
19164.0,17,2018.0,우측면,단어,KETI_SL_0000019164,열나다
19211.0,17,2018.0,우측면,단어,KETI_SL_0000019211,자상
19232.0,17,2018.0,우측면,단어,KETI_SL_0000019232,창백하다
19237.0,17,2018.0,우측면,단어,KETI_SL_0000019237,출산
19239.0,17,2018.0,우측면,단어,KETI_SL_0000019239,피나다
19246.0,17,2018.0,우측면,단어,KETI_SL_0000019246,토하다
19252.0,17,2018.0,우측면,단어,KETI_SL_0000019252,팔
19266.0,17,2018.0,우측면,단어,KETI_SL_0000019266,허리
19272.0,17,2018.0,우측면,단어,KETI_SL_0000019272,호흡곤란
19275.0,17,2018.0,우측면,단어,KETI_SL_0000019275,화상
19385.0,18,2018.0,정면,단어,KETI_SL_0000019385,가렵다
19387.0,18,2018.0,정면,단어,KETI_SL_0000019387,가슴
19413.0,18,2018.0,정면,단어,KETI_SL_0000019413,골절
19429.0,18,2018.0,정면,단어,KETI_SL_0000019429,귀
19435.0,18,2018.0,정면,단어,KETI_SL_0000019435,기절하다
19477.0,18,2018.0,정면,단어,KETI_SL_0000019477,떨어지다
19478.0,18,2018.0,정면,단어,KETI_SL_0000019478,쓰러지다
19485.0,18,2018.0,정면,단어,KETI_SL_0000019485,머리
19487.0,18,2018.0,정면,단어,KETI_SL_0000019487,목
19498.0,18,2018.0,정면,단어,KETI_SL_0000019498,발
19505.0,18,2018.0,정면,단어,KETI_SL_0000019505,복부
19529.0,18,2018.0,정면,단어,KETI_SL_0000019529,삼키다
19543.0,18,2018.0,정면,단어,KETI_SL_0000019543,손
19553.0,18,2018.0,정면,단어,KETI_SL_0000019553,심장마비
19571.0,18,2018.0,정면,단어,KETI_SL_0000019571,어깨
19573.0,18,2018.0,정면,단어,KETI_SL_0000019573,어지러움
19583.0,18,2018.0,정면,단어,KETI_SL_0000019583,열나다
19630.0,18,2018.0,정면,단어,KETI_SL_0000019630,자상
19651.0,18,2018.0,정면,단어,KETI_SL_0000019651,창백하다
19656.0,18,2018.0,정면,단어,KETI_SL_0000019656,출산
19658.0,18,2018.0,정면,단어,KETI_SL_0000019658,피나다
19665.0,18,2018.0,정면,단어,KETI_SL_0000019665,토하다
19671.0,18,2018.0,정면,단어,KETI_SL_0000019671,팔
19685.0,18,2018.0,정면,단어,KETI_SL_0000019685,허리
19691.0,18,2018.0,정면,단어,KETI_SL_0000019691,호흡곤란
19694.0,18,2018.0,정면,단어,KETI_SL_0000019694,화상
19804.0,18,2018.0,좌측면,단어,KETI_SL_0000019804,가렵다
19806.0,18,2018.0,좌측면,단어,KETI_SL_0000019806,가슴
19832.0,18,2018.0,좌측면,단어,KETI_SL_0000019832,골절
19848.0,18,2018.0,좌측면,단어,KETI_SL_0000019848,귀
19854.0,18,2018.0,좌측면,단어,KETI_SL_0000019854,기절하다
19896.0,18,2018.0,좌측면,단어,KETI_SL_0000019896,떨어지다
19897.0,18,2018.0,좌측면,단어,KETI_SL_0000019897,쓰러지다
19904.0,18,2018.0,좌측면,단어,KETI_SL_0000019904,머리
19906.0,18,2018.0,좌측면,단어,KETI_SL_0000019906,목
19917.0,18,2018.0,좌측면,단어,KETI_SL_0000019917,발
19924.0,18,2018.0,좌측면,단어,KETI_SL_0000019924,복부
19948.0,18,2018.0,좌측면,단어,KETI_SL_0000019948,삼키다
19962.0,18,2018.0,좌측면,단어,KETI_SL_0000019962,손
19972.0,18,2018.0,좌측면,단어,KETI_SL_0000019972,심장마비
19990.0,18,2018.0,좌측면,단어,KETI_SL_0000019990,어깨
19992.0,18,2018.0,좌측면,단어,KETI_SL_0000019992,어지러움
20002.0,18,2018.0,좌측면,단어,KETI_SL_0000020002,열나다
20049.0,18,2018.0,좌측면,단어,KETI_SL_0000020049,자상
20070.0,18,2018.0,좌측면,단어,KETI_SL_0000020070,창백하다
20075.0,18,2018.0,좌측면,단어,KETI_SL_0000020075,출산
20077.0,18,2018.0,좌측면,단어,KETI_SL_0000020077,피나다
20084.0,18,2018.0,좌측면,단어,KETI_SL_0000020084,토하다
20090.0,18,2018.0,좌측면,단어,KETI_SL_0000020090,팔
20104.0,18,2018.0,좌측면,단어,KETI_SL_0000020104,허리
20110.0,18,2018.0,좌측면,단어,KETI_SL_0000020110,호흡곤란
20113.0,18,2018.0,좌측면,단어,KETI_SL_0000020113,화상
20223.0,18,2018.0,우측면,단어,KETI_SL_0000020223,가렵다
20225.0,18,2018.0,우측면,단어,KETI_SL_0000020225,가슴
20251.0,18,2018.0,우측면,단어,KETI_SL_0000020251,골절
20267.0,18,2018.0,우측면,단어,KETI_SL_0000020267,귀
20273.0,18,2018.0,우측면,단어,KETI_SL_0000020273,기절하다
20315.0,18,2018.0,우측면,단어,KETI_SL_0000020315,떨어지다
20316.0,18,2018.0,우측면,단어,KETI_SL_0000020316,쓰러지다
20323.0,18,2018.0,우측면,단어,KETI_SL_0000020323,머리
20325.0,18,2018.0,우측면,단어,KETI_SL_0000020325,목
20336.0,18,2018.0,우측면,단어,KETI_SL_0000020336,발
20343.0,18,2018.0,우측면,단어,KETI_SL_0000020343,복부
20367.0,18,2018.0,우측면,단어,KETI_SL_0000020367,삼키다
20381.0,18,2018.0,우측면,단어,KETI_SL_0000020381,손
20391.0,18,2018.0,우측면,단어,KETI_SL_0000020391,심장마비
20409.0,18,2018.0,우측면,단어,KETI_SL_0000020409,어깨
20411.0,18,2018.0,우측면,단어,KETI_SL_0000020411,어지러움
20421.0,18,2018.0,우측면,단어,KETI_SL_0000020421,열나다
20468.0,18,2018.0,우측면,단어,KETI_SL_0000020468,자상
20489.0,18,2018.0,우측면,단어,KETI_SL_0000020489,창백하다
20494.0,18,2018.0,우측면,단어,KETI_SL_0000020494,출산
20496.0,18,2018.0,우측면,단어,KETI_SL_0000020496,피나다
20503.0,18,2018.0,우측면,단어,KETI_SL_0000020503,토하다
20509.0,18,2018.0,우측면,단어,KETI_SL_0000020509,팔
20523.0,18,2018.0,우측면,단어,KETI_SL_0000020523,허리
20529.0,18,2018.0,우측면,단어,KETI_SL_0000020529,호흡곤란
20532.0,18,2018.0,우측면,단어,KETI_SL_0000020532,화상
20642.0,19,2018.0,정면,단어,KETI_SL_0000020642,가렵다
20644.0,19,2018.0,정면,단어,KETI_SL_0000020644,가슴
20670.0,19,2018.0,정면,단어,KETI_SL_0000020670,골절
20686.0,19,2018.0,정면,단어,KETI_SL_0000020686,귀
20692.0,19,2018.0,정면,단어,KETI_SL_0000020692,기절하다
20734.0,19,2018.0,정면,단어,KETI_SL_0000020734,떨어지다
20735.0,19,2018.0,정면,단어,KETI_SL_0000020735,쓰러지다
20742.0,19,2018.0,정면,단어,KETI_SL_0000020742,머리
20744.0,19,2018.0,정면,단어,KETI_SL_0000020744,목
20755.0,19,2018.0,정면,단어,KETI_SL_0000020755,발
20762.0,19,2018.0,정면,단어,KETI_SL_0000020762,복부
20786.0,19,2018.0,정면,단어,KETI_SL_0000020786,삼키다
20800.0,19,2018.0,정면,단어,KETI_SL_0000020800,손
20810.0,19,2018.0,정면,단어,KETI_SL_0000020810,심장마비
20828.0,19,2018.0,정면,단어,KETI_SL_0000020828,어깨
20830.0,19,2018.0,정면,단어,KETI_SL_0000020830,어지러움
20840.0,19,2018.0,정면,단어,KETI_SL_0000020840,열나다
20887.0,19,2018.0,정면,단어,KETI_SL_0000020887,자상
20908.0,19,2018.0,정면,단어,KETI_SL_0000020908,창백하다
20913.0,19,2018.0,정면,단어,KETI_SL_0000020913,출산
20915.0,19,2018.0,정면,단어,KETI_SL_0000020915,피나다
20922.0,19,2018.0,정면,단어,KETI_SL_0000020922,토하다
20928.0,19,2018.0,정면,단어,KETI_SL_0000020928,팔
20942.0,19,2018.0,정면,단어,KETI_SL_0000020942,허리
20948.0,19,2018.0,정면,단어,KETI_SL_0000020948,호흡곤란
20951.0,19,2018.0,정면,단어,KETI_SL_0000020951,화상
21061.0,19,2018.0,좌측면,단어,KETI_SL_0000021061,가렵다
21063.0,19,2018.0,좌측면,단어,KETI_SL_0000021063,가슴
21089.0,19,2018.0,좌측면,단어,KETI_SL_0000021089,골절
21105.0,19,2018.0,좌측면,단어,KETI_SL_0000021105,귀
21111.0,19,2018.0,좌측면,단어,KETI_SL_0000021111,기절하다
21153.0,19,2018.0,좌측면,단어,KETI_SL_0000021153,떨어지다
21154.0,19,2018.0,좌측면,단어,KETI_SL_0000021154,쓰러지다
21161.0,19,2018.0,좌측면,단어,KETI_SL_0000021161,머리
21163.0,19,2018.0,좌측면,단어,KETI_SL_0000021163,목
21174.0,19,2018.0,좌측면,단어,KETI_SL_0000021174,발
21181.0,19,2018.0,좌측면,단어,KETI_SL_0000021181,복부
21205.0,19,2018.0,좌측면,단어,KETI_SL_0000021205,삼키다
21219.0,19,2018.0,좌측면,단어,KETI_SL_0000021219,손
21229.0,19,2018.0,좌측면,단어,KETI_SL_0000021229,심장마비
21247.0,19,2018.0,좌측면,단어,KETI_SL_0000021247,어깨
21249.0,19,2018.0,좌측면,단어,KETI_SL_0000021249,어지러움
21259.0,19,2018.0,좌측면,단어,KETI_SL_0000021259,열나다
21306.0,19,2018.0,좌측면,단어,KETI_SL_0000021306,자상
21327.0,19,2018.0,좌측면,단어,KETI_SL_0000021327,창백하다
21332.0,19,2018.0,좌측면,단어,KETI_SL_0000021332,출산
21334.0,19,2018.0,좌측면,단어,KETI_SL_0000021334,피나다
21341.0,19,2018.0,좌측면,단어,KETI_SL_0000021341,토하다
21347.0,19,2018.0,좌측면,단어,KETI_SL_0000021347,팔
21361.0,19,2018.0,좌측면,단어,KETI_SL_0000021361,허리
21367.0,19,2018.0,좌측면,단어,KETI_SL_0000021367,호흡곤란
21370.0,19,2018.0,좌측면,단어,KETI_SL_0000021370,화상
21480.0,19,2018.0,우측면,단어,KETI_SL_0000021480,가렵다
21482.0,19,2018.0,우측면,단어,KETI_SL_0000021482,가슴
21508.0,19,2018.0,우측면,단어,KETI_SL_0000021508,골절
21524.0,19,2018.0,우측면,단어,KETI_SL_0000021524,귀
21530.0,19,2018.0,우측면,단어,KETI_SL_0000021530,기절하다
21572.0,19,2018.0,우측면,단어,KETI_SL_0000021572,떨어지다
21573.0,19,2018.0,우측면,단어,KETI_SL_0000021573,쓰러지다
21580.0,19,2018.0,우측면,단어,KETI_SL_0000021580,머리
21582.0,19,2018.0,우측면,단어,KETI_SL_0000021582,목
21593.0,19,2018.0,우측면,단어,KETI_SL_0000021593,발
21600.0,19,2018.0,우측면,단어,KETI_SL_0000021600,복부
21624.0,19,2018.0,우측면,단어,KETI_SL_0000021624,삼키다
21638.0,19,2018.0,우측면,단어,KETI_SL_0000021638,손
21648.0,19,2018.0,우측면,단어,KETI_SL_0000021648,심장마비
21666.0,19,2018.0,우측면,단어,KETI_SL_0000021666,어깨
21668.0,19,2018.0,우측면,단어,KETI_SL_0000021668,어지러움
21678.0,19,2018.0,우측면,단어,KETI_SL_0000021678,열나다
21725.0,19,2018.0,우측면,단어,KETI_SL_0000021725,자상
21746.0,19,2018.0,우측면,단어,KETI_SL_0000021746,창백하다
21751.0,19,2018.0,우측면,단어,KETI_SL_0000021751,출산
21753.0,19,2018.0,우측면,단어,KETI_SL_0000021753,피나다
21760.0,19,2018.0,우측면,단어,KETI_SL_0000021760,토하다
21766.0,19,2018.0,우측면,단어,KETI_SL_0000021766,팔
21780.0,19,2018.0,우측면,단어,KETI_SL_0000021780,허리
21786.0,19,2018.0,우측면,단어,KETI_SL_0000021786,호흡곤란
21789.0,19,2018.0,우측면,단어,KETI_SL_0000021789,화상
21899.0,20,2018.0,정면,단어,KETI_SL_0000021899,가렵다
21901.0,20,2018.0,정면,단어,KETI_SL_0000021901,가슴
21927.0,20,2018.0,정면,단어,KETI_SL_0000021927,골절
21943.0,20,2018.0,정면,단어,KETI_SL_0000021943,귀
21949.0,20,2018.0,정면,단어,KETI_SL_0000021949,기절하다
21991.0,20,2018.0,정면,단어,KETI_SL_0000021991,떨어지다
21992.0,20,2018.0,정면,단어,KETI_SL_0000021992,쓰러지다
21999.0,20,2018.0,정면,단어,KETI_SL_0000021999,머리
22001.0,20,2018.0,정면,단어,KETI_SL_0000022001,목
22012.0,20,2018.0,정면,단어,KETI_SL_0000022012,발
22019.0,20,2018.0,정면,단어,KETI_SL_0000022019,복부
22043.0,20,2018.0,정면,단어,KETI_SL_0000022043,삼키다
22057.0,20,2018.0,정면,단어,KETI_SL_0000022057,손
22067.0,20,2018.0,정면,단어,KETI_SL_0000022067,심장마비
22085.0,20,2018.0,정면,단어,KETI_SL_0000022085,어깨
22087.0,20,2018.0,정면,단어,KETI_SL_0000022087,어지러움
22097.0,20,2018.0,정면,단어,KETI_SL_0000022097,열나다
22144.0,20,2018.0,정면,단어,KETI_SL_0000022144,자상
22165.0,20,2018.0,정면,단어,KETI_SL_0000022165,창백하다
22170.0,20,2018.0,정면,단어,KETI_SL_0000022170,출산
22172.0,20,2018.0,정면,단어,KETI_SL_0000022172,피나다
22179.0,20,2018.0,정면,단어,KETI_SL_0000022179,토하다
22185.0,20,2018.0,정면,단어,KETI_SL_0000022185,팔
22199.0,20,2018.0,정면,단어,KETI_SL_0000022199,허리
22205.0,20,2018.0,정면,단어,KETI_SL_0000022205,호흡곤란
22208.0,20,2018.0,정면,단어,KETI_SL_0000022208,화상
22318.0,20,2018.0,좌측면,단어,KETI_SL_0000022318,가렵다
22320.0,20,2018.0,좌측면,단어,KETI_SL_0000022320,가슴
22346.0,20,2018.0,좌측면,단어,KETI_SL_0000022346,골절
22362.0,20,2018.0,좌측면,단어,KETI_SL_0000022362,귀
22368.0,20,2018.0,좌측면,단어,KETI_SL_0000022368,기절하다
22410.0,20,2018.0,좌측면,단어,KETI_SL_0000022410,떨어지다
22411.0,20,2018.0,좌측면,단어,KETI_SL_0000022411,쓰러지다
22418.0,20,2018.0,좌측면,단어,KETI_SL_0000022418,머리
22420.0,20,2018.0,좌측면,단어,KETI_SL_0000022420,목
22431.0,20,2018.0,좌측면,단어,KETI_SL_0000022431,발
22438.0,20,2018.0,좌측면,단어,KETI_SL_0000022438,복부
22462.0,20,2018.0,좌측면,단어,KETI_SL_0000022462,삼키다
22476.0,20,2018.0,좌측면,단어,KETI_SL_0000022476,손
22486.0,20,2018.0,좌측면,단어,KETI_SL_0000022486,심장마비
22504.0,20,2018.0,좌측면,단어,KETI_SL_0000022504,어깨
22506.0,20,2018.0,좌측면,단어,KETI_SL_0000022506,어지러움
22516.0,20,2018.0,좌측면,단어,KETI_SL_0000022516,열나다
22563.0,20,2018.0,좌측면,단어,KETI_SL_0000022563,자상
22584.0,20,2018.0,좌측면,단어,KETI_SL_0000022584,창백하다
22589.0,20,2018.0,좌측면,단어,KETI_SL_0000022589,출산
22591.0,20,2018.0,좌측면,단어,KETI_SL_0000022591,피나다
22598.0,20,2018.0,좌측면,단어,KETI_SL_0000022598,토하다
22604.0,20,2018.0,좌측면,단어,KETI_SL_0000022604,팔
22618.0,20,2018.0,좌측면,단어,KETI_SL_0000022618,허리
22624.0,20,2018.0,좌측면,단어,KETI_SL_0000022624,호흡곤란
22627.0,20,2018.0,좌측면,단어,KETI_SL_0000022627,화상
22737.0,20,2018.0,우측면,단어,KETI_SL_0000022737,가렵다
22739.0,20,2018.0,우측면,단어,KETI_SL_0000022739,가슴
22765.0,20,2018.0,우측면,단어,KETI_SL_0000022765,골절
22781.0,20,2018.0,우측면,단어,KETI_SL_0000022781,귀
22787.0,20,2018.0,우측면,단어,KETI_SL_0000022787,기절하다
22829.0,20,2018.0,우측면,단어,KETI_SL_0000022829,떨어지다
22830.0,20,2018.0,우측면,단어,KETI_SL_0000022830,쓰러지다
22837.0,20,2018.0,우측면,단어,KETI_SL_0000022837,머리
22839.0,20,2018.0,우측면,단어,KETI_SL_0000022839,목
22850.0,20,2018.0,우측면,단어,KETI_SL_0000022850,발
22857.0,20,2018.0,우측면,단어,KETI_SL_0000022857,복부
22881.0,20,2018.0,우측면,단어,KETI_SL_0000022881,삼키다
22895.0,20,2018.0,우측면,단어,KETI_SL_0000022895,손
22905.0,20,2018.0,우측면,단어,KETI_SL_0000022905,심장마비
22923.0,20,2018.0,우측면,단어,KETI_SL_0000022923,어깨
22925.0,20,2018.0,우측면,단어,KETI_SL_0000022925,어지러움
22935.0,20,2018.0,우측면,단어,KETI_SL_0000022935,열나다
22982.0,20,2018.0,우측면,단어,KETI_SL_0000022982,자상
23003.0,20,2018.0,우측면,단어,KETI_SL_0000023003,창백하다
23008.0,20,2018.0,우측면,단어,KETI_SL_0000023008,출산
23010.0,20,2018.0,우측면,단어,KETI_SL_0000023010,피나다
23017.0,20,2018.0,우측면,단어,KETI_SL_0000023017,토하다
23023.0,20,2018.0,우측면,단어,KETI_SL_0000023023,팔
23037.0,20,2018.0,우측면,단어,KETI_SL_0000023037,허리
23043.0,20,2018.0,우측면,단어,KETI_SL_0000023043,호흡곤란
23046.0,20,2018.0,우측면,단어,KETI_SL_0000023046,화상
23156.0,21,2018.0,정면,단어,KETI_SL_0000023156,가렵다
23158.0,21,2018.0,정면,단어,KETI_SL_0000023158,가슴
23184.0,21,2018.0,정면,단어,KETI_SL_0000023184,골절
23200.0,21,2018.0,정면,단어,KETI_SL_0000023200,귀
23206.0,21,2018.0,정면,단어,KETI_SL_0000023206,기절하다
23248.0,21,2018.0,정면,단어,KETI_SL_0000023248,떨어지다
23249.0,21,2018.0,정면,단어,KETI_SL_0000023249,쓰러지다
23256.0,21,2018.0,정면,단어,KETI_SL_0000023256,머리
23258.0,21,2018.0,정면,단어,KETI_SL_0000023258,목
23269.0,21,2018.0,정면,단어,KETI_SL_0000023269,발
23276.0,21,2018.0,정면,단어,KETI_SL_0000023276,복부
23300.0,21,2018.0,정면,단어,KETI_SL_0000023300,삼키다
23314.0,21,2018.0,정면,단어,KETI_SL_0000023314,손
23324.0,21,2018.0,정면,단어,KETI_SL_0000023324,심장마비
23342.0,21,2018.0,정면,단어,KETI_SL_0000023342,어깨
23344.0,21,2018.0,정면,단어,KETI_SL_0000023344,어지러움
23354.0,21,2018.0,정면,단어,KETI_SL_0000023354,열나다
23401.0,21,2018.0,정면,단어,KETI_SL_0000023401,자상
23422.0,21,2018.0,정면,단어,KETI_SL_0000023422,창백하다
23427.0,21,2018.0,정면,단어,KETI_SL_0000023427,출산
23429.0,21,2018.0,정면,단어,KETI_SL_0000023429,피나다
23436.0,21,2018.0,정면,단어,KETI_SL_0000023436,토하다
23442.0,21,2018.0,정면,단어,KETI_SL_0000023442,팔
23456.0,21,2018.0,정면,단어,KETI_SL_0000023456,허리
23462.0,21,2018.0,정면,단어,KETI_SL_0000023462,호흡곤란
23465.0,21,2018.0,정면,단어,KETI_SL_0000023465,화상
23575.0,21,2018.0,좌측면,단어,KETI_SL_0000023575,가렵다
23577.0,21,2018.0,좌측면,단어,KETI_SL_0000023577,가슴
23603.0,21,2018.0,좌측면,단어,KETI_SL_0000023603,골절
23619.0,21,2018.0,좌측면,단어,KETI_SL_0000023619,귀
23625.0,21,2018.0,좌측면,단어,KETI_SL_0000023625,기절하다
23667.0,21,2018.0,좌측면,단어,KETI_SL_0000023667,떨어지다
23668.0,21,2018.0,좌측면,단어,KETI_SL_0000023668,쓰러지다
23675.0,21,2018.0,좌측면,단어,KETI_SL_0000023675,머리
23677.0,21,2018.0,좌측면,단어,KETI_SL_0000023677,목
23688.0,21,2018.0,좌측면,단어,KETI_SL_0000023688,발
23695.0,21,2018.0,좌측면,단어,KETI_SL_0000023695,복부
23719.0,21,2018.0,좌측면,단어,KETI_SL_0000023719,삼키다
23733.0,21,2018.0,좌측면,단어,KETI_SL_0000023733,손
23743.0,21,2018.0,좌측면,단어,KETI_SL_0000023743,심장마비
23761.0,21,2018.0,좌측면,단어,KETI_SL_0000023761,어깨
23763.0,21,2018.0,좌측면,단어,KETI_SL_0000023763,어지러움
23773.0,21,2018.0,좌측면,단어,KETI_SL_0000023773,열나다
23820.0,21,2018.0,좌측면,단어,KETI_SL_0000023820,자상
23841.0,21,2018.0,좌측면,단어,KETI_SL_0000023841,창백하다
23846.0,21,2018.0,좌측면,단어,KETI_SL_0000023846,출산
23848.0,21,2018.0,좌측면,단어,KETI_SL_0000023848,피나다
23855.0,21,2018.0,좌측면,단어,KETI_SL_0000023855,토하다
23861.0,21,2018.0,좌측면,단어,KETI_SL_0000023861,팔
23875.0,21,2018.0,좌측면,단어,KETI_SL_0000023875,허리
23881.0,21,2018.0,좌측면,단어,KETI_SL_0000023881,호흡곤란
23884.0,21,2018.0,좌측면,단어,KETI_SL_0000023884,화상
23994.0,21,2018.0,우측면,단어,KETI_SL_0000023994,가렵다
23996.0,21,2018.0,우측면,단어,KETI_SL_0000023996,가슴
24022.0,21,2018.0,우측면,단어,KETI_SL_0000024022,골절
24038.0,21,2018.0,우측면,단어,KETI_SL_0000024038,귀
24044.0,21,2018.0,우측면,단어,KETI_SL_0000024044,기절하다
24086.0,21,2018.0,우측면,단어,KETI_SL_0000024086,떨어지다
24087.0,21,2018.0,우측면,단어,KETI_SL_0000024087,쓰러지다
24094.0,21,2018.0,우측면,단어,KETI_SL_0000024094,머리
24096.0,21,2018.0,우측면,단어,KETI_SL_0000024096,목
24107.0,21,2018.0,우측면,단어,KETI_SL_0000024107,발
24114.0,21,2018.0,우측면,단어,KETI_SL_0000024114,복부
24138.0,21,2018.0,우측면,단어,KETI_SL_0000024138,삼키다
24152.0,21,2018.0,우측면,단어,KETI_SL_0000024152,손
24162.0,21,2018.0,우측면,단어,KETI_SL_0000024162,심장마비
24180.0,21,2018.0,우측면,단어,KETI_SL_0000024180,어깨
24182.0,21,2018.0,우측면,단어,KETI_SL_0000024182,어지러움
24192.0,21,2018.0,우측면,단어,KETI_SL_0000024192,열나다
24239.0,21,2018.0,우측면,단어,KETI_SL_0000024239,자상
24260.0,21,2018.0,우측면,단어,KETI_SL_0000024260,창백하다
24265.0,21,2018.0,우측면,단어,KETI_SL_0000024265,출산
24267.0,21,2018.0,우측면,단어,KETI_SL_0000024267,피나다
24274.0,21,2018.0,우측면,단어,KETI_SL_0000024274,토하다
24280.0,21,2018.0,우측면,단어,KETI_SL_0000024280,팔
24294.0,21,2018.0,우측면,단어,KETI_SL_0000024294,허리
24300.0,21,2018.0,우측면,단어,KETI_SL_0000024300,호흡곤란
24303.0,21,2018.0,우측면,단어,KETI_SL_0000024303,화상
24413.0,22,2018.0,정면,단어,KETI_SL_0000024413,가렵다
24415.0,22,2018.0,정면,단어,KETI_SL_0000024415,가슴
24441.0,22,2018.0,정면,단어,KETI_SL_0000024441,골절
24457.0,22,2018.0,정면,단어,KETI_SL_0000024457,귀
24463.0,22,2018.0,정면,단어,KETI_SL_0000024463,기절하다
24505.0,22,2018.0,정면,단어,KETI_SL_0000024505,떨어지다
24506.0,22,2018.0,정면,단어,KETI_SL_0000024506,쓰러지다
24513.0,22,2018.0,정면,단어,KETI_SL_0000024513,머리
24515.0,22,2018.0,정면,단어,KETI_SL_0000024515,목
24526.0,22,2018.0,정면,단어,KETI_SL_0000024526,발
24533.0,22,2018.0,정면,단어,KETI_SL_0000024533,복부
24557.0,22,2018.0,정면,단어,KETI_SL_0000024557,삼키다
24571.0,22,2018.0,정면,단어,KETI_SL_0000024571,손
24581.0,22,2018.0,정면,단어,KETI_SL_0000024581,심장마비
24599.0,22,2018.0,정면,단어,KETI_SL_0000024599,어깨
24601.0,22,2018.0,정면,단어,KETI_SL_0000024601,어지러움
24611.0,22,2018.0,정면,단어,KETI_SL_0000024611,열나다
24658.0,22,2018.0,정면,단어,KETI_SL_0000024658,자상
24679.0,22,2018.0,정면,단어,KETI_SL_0000024679,창백하다
24684.0,22,2018.0,정면,단어,KETI_SL_0000024684,출산
24686.0,22,2018.0,정면,단어,KETI_SL_0000024686,피나다
24693.0,22,2018.0,정면,단어,KETI_SL_0000024693,토하다
24699.0,22,2018.0,정면,단어,KETI_SL_0000024699,팔
24713.0,22,2018.0,정면,단어,KETI_SL_0000024713,허리
24719.0,22,2018.0,정면,단어,KETI_SL_0000024719,호흡곤란
24722.0,22,2018.0,정면,단어,KETI_SL_0000024722,화상
24832.0,22,2018.0,좌측면,단어,KETI_SL_0000024832,가렵다
24834.0,22,2018.0,좌측면,단어,KETI_SL_0000024834,가슴
24860.0,22,2018.0,좌측면,단어,KETI_SL_0000024860,골절
24876.0,22,2018.0,좌측면,단어,KETI_SL_0000024876,귀
24882.0,22,2018.0,좌측면,단어,KETI_SL_0000024882,기절하다
24924.0,22,2018.0,좌측면,단어,KETI_SL_0000024924,떨어지다
24925.0,22,2018.0,좌측면,단어,KETI_SL_0000024925,쓰러지다
24932.0,22,2018.0,좌측면,단어,KETI_SL_0000024932,머리
24934.0,22,2018.0,좌측면,단어,KETI_SL_0000024934,목
24945.0,22,2018.0,좌측면,단어,KETI_SL_0000024945,발
24952.0,22,2018.0,좌측면,단어,KETI_SL_0000024952,복부
24976.0,22,2018.0,좌측면,단어,KETI_SL_0000024976,삼키다
24990.0,22,2018.0,좌측면,단어,KETI_SL_0000024990,손
25000.0,22,2018.0,좌측면,단어,KETI_SL_0000025000,심장마비
25018.0,22,2018.0,좌측면,단어,KETI_SL_0000025018,어깨
25020.0,22,2018.0,좌측면,단어,KETI_SL_0000025020,어지러움
25030.0,22,2018.0,좌측면,단어,KETI_SL_0000025030,열나다
25077.0,22,2018.0,좌측면,단어,KETI_SL_0000025077,자상
25098.0,22,2018.0,좌측면,단어,KETI_SL_0000025098,창백하다
25103.0,22,2018.0,좌측면,단어,KETI_SL_0000025103,출산
25105.0,22,2018.0,좌측면,단어,KETI_SL_0000025105,피나다
25112.0,22,2018.0,좌측면,단어,KETI_SL_0000025112,토하다
25118.0,22,2018.0,좌측면,단어,KETI_SL_0000025118,팔
25132.0,22,2018.0,좌측면,단어,KETI_SL_0000025132,허리
25138.0,22,2018.0,좌측면,단어,KETI_SL_0000025138,호흡곤란
25141.0,22,2018.0,좌측면,단어,KETI_SL_0000025141,화상
25251.0,22,2018.0,우측면,단어,KETI_SL_0000025251,가렵다
25253.0,22,2018.0,우측면,단어,KETI_SL_0000025253,가슴
25279.0,22,2018.0,우측면,단어,KETI_SL_0000025279,골절
25295.0,22,2018.0,우측면,단어,KETI_SL_0000025295,귀
25301.0,22,2018.0,우측면,단어,KETI_SL_0000025301,기절하다
25343.0,22,2018.0,우측면,단어,KETI_SL_0000025343,떨어지다
25344.0,22,2018.0,우측면,단어,KETI_SL_0000025344,쓰러지다
25351.0,22,2018.0,우측면,단어,KETI_SL_0000025351,머리
25353.0,22,2018.0,우측면,단어,KETI_SL_0000025353,목
25364.0,22,2018.0,우측면,단어,KETI_SL_0000025364,발
25371.0,22,2018.0,우측면,단어,KETI_SL_0000025371,복부
25395.0,22,2018.0,우측면,단어,KETI_SL_0000025395,삼키다
25409.0,22,2018.0,우측면,단어,KETI_SL_0000025409,손
25419.0,22,2018.0,우측면,단어,KETI_SL_0000025419,심장마비
25437.0,22,2018.0,우측면,단어,KETI_SL_0000025437,어깨
25439.0,22,2018.0,우측면,단어,KETI_SL_0000025439,어지러움
25449.0,22,2018.0,우측면,단어,KETI_SL_0000025449,열나다
25496.0,22,2018.0,우측면,단어,KETI_SL_0000025496,자상
25517.0,22,2018.0,우측면,단어,KETI_SL_0000025517,창백하다
25522.0,22,2018.0,우측면,단어,KETI_SL_0000025522,출산
25524.0,22,2018.0,우측면,단어,KETI_SL_0000025524,피나다
25531.0,22,2018.0,우측면,단어,KETI_SL_0000025531,토하다
25537.0,22,2018.0,우측면,단어,KETI_SL_0000025537,팔
25551.0,22,2018.0,우측면,단어,KETI_SL_0000025551,허리
25557.0,22,2018.0,우측면,단어,KETI_SL_0000025557,호흡곤란
25560.0,22,2018.0,우측면,단어,KETI_SL_0000025560,화상
25670.0,23,2018.0,정면,단어,KETI_SL_0000025670,가렵다
25672.0,23,2018.0,정면,단어,KETI_SL_0000025672,가슴
25698.0,23,2018.0,정면,단어,KETI_SL_0000025698,골절
25714.0,23,2018.0,정면,단어,KETI_SL_0000025714,귀
25720.0,23,2018.0,정면,단어,KETI_SL_0000025720,기절하다
25762.0,23,2018.0,정면,단어,KETI_SL_0000025762,떨어지다
25763.0,23,2018.0,정면,단어,KETI_SL_0000025763,쓰러지다
25770.0,23,2018.0,정면,단어,KETI_SL_0000025770,머리
25772.0,23,2018.0,정면,단어,KETI_SL_0000025772,목
25783.0,23,2018.0,정면,단어,KETI_SL_0000025783,발
25790.0,23,2018.0,정면,단어,KETI_SL_0000025790,복부
25814.0,23,2018.0,정면,단어,KETI_SL_0000025814,삼키다
25828.0,23,2018.0,정면,단어,KETI_SL_0000025828,손
25838.0,23,2018.0,정면,단어,KETI_SL_0000025838,심장마비
25856.0,23,2018.0,정면,단어,KETI_SL_0000025856,어깨
25858.0,23,2018.0,정면,단어,KETI_SL_0000025858,어지러움
25868.0,23,2018.0,정면,단어,KETI_SL_0000025868,열나다
25915.0,23,2018.0,정면,단어,KETI_SL_0000025915,자상
25936.0,23,2018.0,정면,단어,KETI_SL_0000025936,창백하다
25941.0,23,2018.0,정면,단어,KETI_SL_0000025941,출산
25943.0,23,2018.0,정면,단어,KETI_SL_0000025943,피나다
25950.0,23,2018.0,정면,단어,KETI_SL_0000025950,토하다
25956.0,23,2018.0,정면,단어,KETI_SL_0000025956,팔
25970.0,23,2018.0,정면,단어,KETI_SL_0000025970,허리
25976.0,23,2018.0,정면,단어,KETI_SL_0000025976,호흡곤란
25979.0,23,2018.0,정면,단어,KETI_SL_0000025979,화상
26089.0,23,2018.0,좌측면,단어,KETI_SL_0000026089,가렵다
26091.0,23,2018.0,좌측면,단어,KETI_SL_0000026091,가슴
26117.0,23,2018.0,좌측면,단어,KETI_SL_0000026117,골절
26133.0,23,2018.0,좌측면,단어,KETI_SL_0000026133,귀
26139.0,23,2018.0,좌측면,단어,KETI_SL_0000026139,기절하다
26181.0,23,2018.0,좌측면,단어,KETI_SL_0000026181,떨어지다
26182.0,23,2018.0,좌측면,단어,KETI_SL_0000026182,쓰러지다
26189.0,23,2018.0,좌측면,단어,KETI_SL_0000026189,머리
26191.0,23,2018.0,좌측면,단어,KETI_SL_0000026191,목
26202.0,23,2018.0,좌측면,단어,KETI_SL_0000026202,발
26209.0,23,2018.0,좌측면,단어,KETI_SL_0000026209,복부
26233.0,23,2018.0,좌측면,단어,KETI_SL_0000026233,삼키다
26247.0,23,2018.0,좌측면,단어,KETI_SL_0000026247,손
26257.0,23,2018.0,좌측면,단어,KETI_SL_0000026257,심장마비
26275.0,23,2018.0,좌측면,단어,KETI_SL_0000026275,어깨
26277.0,23,2018.0,좌측면,단어,KETI_SL_0000026277,어지러움
26287.0,23,2018.0,좌측면,단어,KETI_SL_0000026287,열나다
26334.0,23,2018.0,좌측면,단어,KETI_SL_0000026334,자상
26355.0,23,2018.0,좌측면,단어,KETI_SL_0000026355,창백하다
26360.0,23,2018.0,좌측면,단어,KETI_SL_0000026360,출산
26362.0,23,2018.0,좌측면,단어,KETI_SL_0000026362,피나다
26369.0,23,2018.0,좌측면,단어,KETI_SL_0000026369,토하다
26375.0,23,2018.0,좌측면,단어,KETI_SL_0000026375,팔
26389.0,23,2018.0,좌측면,단어,KETI_SL_0000026389,허리
26395.0,23,2018.0,좌측면,단어,KETI_SL_0000026395,호흡곤란
26398.0,23,2018.0,좌측면,단어,KETI_SL_0000026398,화상
26508.0,23,2018.0,우측면,단어,KETI_SL_0000026508,가렵다
26510.0,23,2018.0,우측면,단어,KETI_SL_0000026510,가슴
26536.0,23,2018.0,우측면,단어,KETI_SL_0000026536,골절
26552.0,23,2018.0,우측면,단어,KETI_SL_0000026552,귀
26558.0,23,2018.0,우측면,단어,KETI_SL_0000026558,기절하다
26600.0,23,2018.0,우측면,단어,KETI_SL_0000026600,떨어지다
26601.0,23,2018.0,우측면,단어,KETI_SL_0000026601,쓰러지다
26608.0,23,2018.0,우측면,단어,KETI_SL_0000026608,머리
26610.0,23,2018.0,우측면,단어,KETI_SL_0000026610,목
26621.0,23,2018.0,우측면,단어,KETI_SL_0000026621,발
26628.0,23,2018.0,우측면,단어,KETI_SL_0000026628,복부
26652.0,23,2018.0,우측면,단어,KETI_SL_0000026652,삼키다
26666.0,23,2018.0,우측면,단어,KETI_SL_0000026666,손
26676.0,23,2018.0,우측면,단어,KETI_SL_0000026676,심장마비
26694.0,23,2018.0,우측면,단어,KETI_SL_0000026694,어깨
26696.0,23,2018.0,우측면,단어,KETI_SL_0000026696,어지러움
26706.0,23,2018.0,우측면,단어,KETI_SL_0000026706,열나다
26753.0,23,2018.0,우측면,단어,KETI_SL_0000026753,자상
26774.0,23,2018.0,우측면,단어,KETI_SL_0000026774,창백하다
26779.0,23,2018.0,우측면,단어,KETI_SL_0000026779,출산
26781.0,23,2018.0,우측면,단어,KETI_SL_0000026781,피나다
26788.0,23,2018.0,우측면,단어,KETI_SL_0000026788,토하다
26794.0,23,2018.0,우측면,단어,KETI_SL_0000026794,팔
26808.0,23,2018.0,우측면,단어,KETI_SL_0000026808,허리
26814.0,23,2018.0,우측면,단어,KETI_SL_0000026814,호흡곤란
26817.0,23,2018.0,우측면,단어,KETI_SL_0000026817,화상
26927.0,24,2018.0,정면,단어,KETI_SL_0000026927,가렵다
26929.0,24,2018.0,정면,단어,KETI_SL_0000026929,가슴
26955.0,24,2018.0,정면,단어,KETI_SL_0000026955,골절
26971.0,24,2018.0,정면,단어,KETI_SL_0000026971,귀
26977.0,24,2018.0,정면,단어,KETI_SL_0000026977,기절하다
27019.0,24,2018.0,정면,단어,KETI_SL_0000027019,떨어지다
27020.0,24,2018.0,정면,단어,KETI_SL_0000027020,쓰러지다
27027.0,24,2018.0,정면,단어,KETI_SL_0000027027,머리
27029.0,24,2018.0,정면,단어,KETI_SL_0000027029,목
27040.0,24,2018.0,정면,단어,KETI_SL_0000027040,발
27047.0,24,2018.0,정면,단어,KETI_SL_0000027047,복부
27071.0,24,2018.0,정면,단어,KETI_SL_0000027071,삼키다
27085.0,24,2018.0,정면,단어,KETI_SL_0000027085,손
27095.0,24,2018.0,정면,단어,KETI_SL_0000027095,심장마비
27113.0,24,2018.0,정면,단어,KETI_SL_0000027113,어깨
27115.0,24,2018.0,정면,단어,KETI_SL_0000027115,어지러움
27125.0,24,2018.0,정면,단어,KETI_SL_0000027125,열나다
27172.0,24,2018.0,정면,단어,KETI_SL_0000027172,자상
27193.0,24,2018.0,정면,단어,KETI_SL_0000027193,창백하다
27198.0,24,2018.0,정면,단어,KETI_SL_0000027198,출산
27200.0,24,2018.0,정면,단어,KETI_SL_0000027200,피나다
27207.0,24,2018.0,정면,단어,KETI_SL_0000027207,토하다
27213.0,24,2018.0,정면,단어,KETI_SL_0000027213,팔
27227.0,24,2018.0,정면,단어,KETI_SL_0000027227,허리
27233.0,24,2018.0,정면,단어,KETI_SL_0000027233,호흡곤란
27236.0,24,2018.0,정면,단어,KETI_SL_0000027236,화상
27346.0,24,2018.0,좌측면,단어,KETI_SL_0000027346,가렵다
27348.0,24,2018.0,좌측면,단어,KETI_SL_0000027348,가슴
27374.0,24,2018.0,좌측면,단어,KETI_SL_0000027374,골절
27390.0,24,2018.0,좌측면,단어,KETI_SL_0000027390,귀
27396.0,24,2018.0,좌측면,단어,KETI_SL_0000027396,기절하다
27438.0,24,2018.0,좌측면,단어,KETI_SL_0000027438,떨어지다
27439.0,24,2018.0,좌측면,단어,KETI_SL_0000027439,쓰러지다
27446.0,24,2018.0,좌측면,단어,KETI_SL_0000027446,머리
27448.0,24,2018.0,좌측면,단어,KETI_SL_0000027448,목
27459.0,24,2018.0,좌측면,단어,KETI_SL_0000027459,발
27466.0,24,2018.0,좌측면,단어,KETI_SL_0000027466,복부
27490.0,24,2018.0,좌측면,단어,KETI_SL_0000027490,삼키다
27504.0,24,2018.0,좌측면,단어,KETI_SL_0000027504,손
27514.0,24,2018.0,좌측면,단어,KETI_SL_0000027514,심장마비
27532.0,24,2018.0,좌측면,단어,KETI_SL_0000027532,어깨
27534.0,24,2018.0,좌측면,단어,KETI_SL_0000027534,어지러움
27544.0,24,2018.0,좌측면,단어,KETI_SL_0000027544,열나다
27591.0,24,2018.0,좌측면,단어,KETI_SL_0000027591,자상
27612.0,24,2018.0,좌측면,단어,KETI_SL_0000027612,창백하다
27617.0,24,2018.0,좌측면,단어,KETI_SL_0000027617,출산
27619.0,24,2018.0,좌측면,단어,KETI_SL_0000027619,피나다
27626.0,24,2018.0,좌측면,단어,KETI_SL_0000027626,토하다
27632.0,24,2018.0,좌측면,단어,KETI_SL_0000027632,팔
27646.0,24,2018.0,좌측면,단어,KETI_SL_0000027646,허리
27652.0,24,2018.0,좌측면,단어,KETI_SL_0000027652,호흡곤란
27655.0,24,2018.0,좌측면,단어,KETI_SL_0000027655,화상
27765.0,24,2018.0,우측면,단어,KETI_SL_0000027765,가렵다
27767.0,24,2018.0,우측면,단어,KETI_SL_0000027767,가슴
27793.0,24,2018.0,우측면,단어,KETI_SL_0000027793,골절
27809.0,24,2018.0,우측면,단어,KETI_SL_0000027809,귀
27815.0,24,2018.0,우측면,단어,KETI_SL_0000027815,기절하다
27857.0,24,2018.0,우측면,단어,KETI_SL_0000027857,떨어지다
27858.0,24,2018.0,우측면,단어,KETI_SL_0000027858,쓰러지다
27865.0,24,2018.0,우측면,단어,KETI_SL_0000027865,머리
27867.0,24,2018.0,우측면,단어,KETI_SL_0000027867,목
27878.0,24,2018.0,우측면,단어,KETI_SL_0000027878,발
27885.0,24,2018.0,우측면,단어,KETI_SL_0000027885,복부
27909.0,24,2018.0,우측면,단어,KETI_SL_0000027909,삼키다
27923.0,24,2018.0,우측면,단어,KETI_SL_0000027923,손
27933.0,24,2018.0,우측면,단어,KETI_SL_0000027933,심장마비
27951.0,24,2018.0,우측면,단어,KETI_SL_0000027951,어깨
27953.0,24,2018.0,우측면,단어,KETI_SL_0000027953,어지러움
27963.0,24,2018.0,우측면,단어,KETI_SL_0000027963,열나다
28010.0,24,2018.0,우측면,단어,KETI_SL_0000028010,자상
28031.0,24,2018.0,우측면,단어,KETI_SL_0000028031,창백하다
28036.0,24,2018.0,우측면,단어,KETI_SL_0000028036,출산
28038.0,24,2018.0,우측면,단어,KETI_SL_0000028038,피나다
28045.0,24,2018.0,우측면,단어,KETI_SL_0000028045,토하다
28051.0,24,2018.0,우측면,단어,KETI_SL_0000028051,팔
28065.0,24,2018.0,우측면,단어,KETI_SL_0000028065,허리
28071.0,24,2018.0,우측면,단어,KETI_SL_0000028071,호흡곤란
28074.0,24,2018.0,우측면,단어,KETI_SL_0000028074,화상
28184.0,25,2018.0,정면,단어,KETI_SL_0000028184,가렵다
28186.0,25,2018.0,정면,단어,KETI_SL_0000028186,가슴
28212.0,25,2018.0,정면,단어,KETI_SL_0000028212,골절
28228.0,25,2018.0,정면,단어,KETI_SL_0000028228,귀
28234.0,25,2018.0,정면,단어,KETI_SL_0000028234,기절하다
28276.0,25,2018.0,정면,단어,KETI_SL_0000028276,떨어지다
28277.0,25,2018.0,정면,단어,KETI_SL_0000028277,쓰러지다
28284.0,25,2018.0,정면,단어,KETI_SL_0000028284,머리
28286.0,25,2018.0,정면,단어,KETI_SL_0000028286,목
28297.0,25,2018.0,정면,단어,KETI_SL_0000028297,발
28304.0,25,2018.0,정면,단어,KETI_SL_0000028304,복부
28328.0,25,2018.0,정면,단어,KETI_SL_0000028328,삼키다
28342.0,25,2018.0,정면,단어,KETI_SL_0000028342,손
28352.0,25,2018.0,정면,단어,KETI_SL_0000028352,심장마비
28370.0,25,2018.0,정면,단어,KETI_SL_0000028370,어깨
28372.0,25,2018.0,정면,단어,KETI_SL_0000028372,어지러움
28382.0,25,2018.0,정면,단어,KETI_SL_0000028382,열나다
28429.0,25,2018.0,정면,단어,KETI_SL_0000028429,자상
28450.0,25,2018.0,정면,단어,KETI_SL_0000028450,창백하다
28455.0,25,2018.0,정면,단어,KETI_SL_0000028455,출산
28457.0,25,2018.0,정면,단어,KETI_SL_0000028457,피나다
28464.0,25,2018.0,정면,단어,KETI_SL_0000028464,토하다
28470.0,25,2018.0,정면,단어,KETI_SL_0000028470,팔
28484.0,25,2018.0,정면,단어,KETI_SL_0000028484,허리
28490.0,25,2018.0,정면,단어,KETI_SL_0000028490,호흡곤란
28493.0,25,2018.0,정면,단어,KETI_SL_0000028493,화상
28603.0,25,2018.0,좌측면,단어,KETI_SL_0000028603,가렵다
28605.0,25,2018.0,좌측면,단어,KETI_SL_0000028605,가슴
28631.0,25,2018.0,좌측면,단어,KETI_SL_0000028631,골절
28647.0,25,2018.0,좌측면,단어,KETI_SL_0000028647,귀
28653.0,25,2018.0,좌측면,단어,KETI_SL_0000028653,기절하다
28695.0,25,2018.0,좌측면,단어,KETI_SL_0000028695,떨어지다
28696.0,25,2018.0,좌측면,단어,KETI_SL_0000028696,쓰러지다
28703.0,25,2018.0,좌측면,단어,KETI_SL_0000028703,머리
28705.0,25,2018.0,좌측면,단어,KETI_SL_0000028705,목
28716.0,25,2018.0,좌측면,단어,KETI_SL_0000028716,발
28723.0,25,2018.0,좌측면,단어,KETI_SL_0000028723,복부
28747.0,25,2018.0,좌측면,단어,KETI_SL_0000028747,삼키다
28761.0,25,2018.0,좌측면,단어,KETI_SL_0000028761,손
28771.0,25,2018.0,좌측면,단어,KETI_SL_0000028771,심장마비
28789.0,25,2018.0,좌측면,단어,KETI_SL_0000028789,어깨
28791.0,25,2018.0,좌측면,단어,KETI_SL_0000028791,어지러움
28801.0,25,2018.0,좌측면,단어,KETI_SL_0000028801,열나다
28848.0,25,2018.0,좌측면,단어,KETI_SL_0000028848,자상
28869.0,25,2018.0,좌측면,단어,KETI_SL_0000028869,창백하다
28874.0,25,2018.0,좌측면,단어,KETI_SL_0000028874,출산
28876.0,25,2018.0,좌측면,단어,KETI_SL_0000028876,피나다
28883.0,25,2018.0,좌측면,단어,KETI_SL_0000028883,토하다
28889.0,25,2018.0,좌측면,단어,KETI_SL_0000028889,팔
28903.0,25,2018.0,좌측면,단어,KETI_SL_0000028903,허리
28909.0,25,2018.0,좌측면,단어,KETI_SL_0000028909,호흡곤란
28912.0,25,2018.0,좌측면,단어,KETI_SL_0000028912,화상
29022.0,25,2018.0,우측면,단어,KETI_SL_0000029022,가렵다
29024.0,25,2018.0,우측면,단어,KETI_SL_0000029024,가슴
29050.0,25,2018.0,우측면,단어,KETI_SL_0000029050,골절
29066.0,25,2018.0,우측면,단어,KETI_SL_0000029066,귀
29072.0,25,2018.0,우측면,단어,KETI_SL_0000029072,기절하다
29114.0,25,2018.0,우측면,단어,KETI_SL_0000029114,떨어지다
29115.0,25,2018.0,우측면,단어,KETI_SL_0000029115,쓰러지다
29122.0,25,2018.0,우측면,단어,KETI_SL_0000029122,머리
29124.0,25,2018.0,우측면,단어,KETI_SL_0000029124,목
29135.0,25,2018.0,우측면,단어,KETI_SL_0000029135,발
29142.0,25,2018.0,우측면,단어,KETI_SL_0000029142,복부
29166.0,25,2018.0,우측면,단어,KETI_SL_0000029166,삼키다
29180.0,25,2018.0,우측면,단어,KETI_SL_0000029180,손
29190.0,25,2018.0,우측면,단어,KETI_SL_0000029190,심장마비
29208.0,25,2018.0,우측면,단어,KETI_SL_0000029208,어깨
29210.0,25,2018.0,우측면,단어,KETI_SL_0000029210,어지러움
29220.0,25,2018.0,우측면,단어,KETI_SL_0000029220,열나다
29267.0,25,2018.0,우측면,단어,KETI_SL_0000029267,자상
29288.0,25,2018.0,우측면,단어,KETI_SL_0000029288,창백하다
29293.0,25,2018.0,우측면,단어,KETI_SL_0000029293,출산
29295.0,25,2018.0,우측면,단어,KETI_SL_0000029295,피나다
29302.0,25,2018.0,우측면,단어,KETI_SL_0000029302,토하다
29308.0,25,2018.0,우측면,단어,KETI_SL_0000029308,팔
29322.0,25,2018.0,우측면,단어,KETI_SL_0000029322,허리
29328.0,25,2018.0,우측면,단어,KETI_SL_0000029328,호흡곤란
29331.0,25,2018.0,우측면,단어,KETI_SL_0000029331,화상
29441.0,26,2018.0,정면,단어,KETI_SL_0000029441,가렵다
29443.0,26,2018.0,정면,단어,KETI_SL_0000029443,가슴
29469.0,26,2018.0,정면,단어,KETI_SL_0000029469,골절
29485.0,26,2018.0,정면,단어,KETI_SL_0000029485,귀
29491.0,26,2018.0,정면,단어,KETI_SL_0000029491,기절하다
29533.0,26,2018.0,정면,단어,KETI_SL_0000029533,떨어지다
29534.0,26,2018.0,정면,단어,KETI_SL_0000029534,쓰러지다
29541.0,26,2018.0,정면,단어,KETI_SL_0000029541,머리
29543.0,26,2018.0,정면,단어,KETI_SL_0000029543,목
29554.0,26,2018.0,정면,단어,KETI_SL_0000029554,발
29561.0,26,2018.0,정면,단어,KETI_SL_0000029561,복부
29585.0,26,2018.0,정면,단어,KETI_SL_0000029585,삼키다
29599.0,26,2018.0,정면,단어,KETI_SL_0000029599,손
29609.0,26,2018.0,정면,단어,KETI_SL_0000029609,심장마비
29627.0,26,2018.0,정면,단어,KETI_SL_0000029627,어깨
29629.0,26,2018.0,정면,단어,KETI_SL_0000029629,어지러움
29639.0,26,2018.0,정면,단어,KETI_SL_0000029639,열나다
29686.0,26,2018.0,정면,단어,KETI_SL_0000029686,자상
29707.0,26,2018.0,정면,단어,KETI_SL_0000029707,창백하다
29712.0,26,2018.0,정면,단어,KETI_SL_0000029712,출산
29714.0,26,2018.0,정면,단어,KETI_SL_0000029714,피나다
29721.0,26,2018.0,정면,단어,KETI_SL_0000029721,토하다
29727.0,26,2018.0,정면,단어,KETI_SL_0000029727,팔
29741.0,26,2018.0,정면,단어,KETI_SL_0000029741,허리
29747.0,26,2018.0,정면,단어,KETI_SL_0000029747,호흡곤란
29750.0,26,2018.0,정면,단어,KETI_SL_0000029750,화상
29860.0,26,2018.0,좌측면,단어,KETI_SL_0000029860,가렵다
29862.0,26,2018.0,좌측면,단어,KETI_SL_0000029862,가슴
29888.0,26,2018.0,좌측면,단어,KETI_SL_0000029888,골절
29904.0,26,2018.0,좌측면,단어,KETI_SL_0000029904,귀
29910.0,26,2018.0,좌측면,단어,KETI_SL_0000029910,기절하다
29952.0,26,2018.0,좌측면,단어,KETI_SL_0000029952,떨어지다
29953.0,26,2018.0,좌측면,단어,KETI_SL_0000029953,쓰러지다
29960.0,26,2018.0,좌측면,단어,KETI_SL_0000029960,머리
29962.0,26,2018.0,좌측면,단어,KETI_SL_0000029962,목
29973.0,26,2018.0,좌측면,단어,KETI_SL_0000029973,발
29980.0,26,2018.0,좌측면,단어,KETI_SL_0000029980,복부
30004.0,26,2018.0,좌측면,단어,KETI_SL_0000030004,삼키다
30018.0,26,2018.0,좌측면,단어,KETI_SL_0000030018,손
30028.0,26,2018.0,좌측면,단어,KETI_SL_0000030028,심장마비
30046.0,26,2018.0,좌측면,단어,KETI_SL_0000030046,어깨
30048.0,26,2018.0,좌측면,단어,KETI_SL_0000030048,어지러움
30058.0,26,2018.0,좌측면,단어,KETI_SL_0000030058,열나다
30105.0,26,2018.0,좌측면,단어,KETI_SL_0000030105,자상
30126.0,26,2018.0,좌측면,단어,KETI_SL_0000030126,창백하다
30131.0,26,2018.0,좌측면,단어,KETI_SL_0000030131,출산
30133.0,26,2018.0,좌측면,단어,KETI_SL_0000030133,피나다
30140.0,26,2018.0,좌측면,단어,KETI_SL_0000030140,토하다
30146.0,26,2018.0,좌측면,단어,KETI_SL_0000030146,팔
30160.0,26,2018.0,좌측면,단어,KETI_SL_0000030160,허리
30166.0,26,2018.0,좌측면,단어,KETI_SL_0000030166,호흡곤란
30169.0,26,2018.0,좌측면,단어,KETI_SL_0000030169,화상
30279.0,26,2018.0,우측면,단어,KETI_SL_0000030279,가렵다
30281.0,26,2018.0,우측면,단어,KETI_SL_0000030281,가슴
30307.0,26,2018.0,우측면,단어,KETI_SL_0000030307,골절
30323.0,26,2018.0,우측면,단어,KETI_SL_0000030323,귀
30329.0,26,2018.0,우측면,단어,KETI_SL_0000030329,기절하다
30371.0,26,2018.0,우측면,단어,KETI_SL_0000030371,떨어지다
30372.0,26,2018.0,우측면,단어,KETI_SL_0000030372,쓰러지다
30379.0,26,2018.0,우측면,단어,KETI_SL_0000030379,머리
30381.0,26,2018.0,우측면,단어,KETI_SL_0000030381,목
30392.0,26,2018.0,우측면,단어,KETI_SL_0000030392,발
30399.0,26,2018.0,우측면,단어,KETI_SL_0000030399,복부
30423.0,26,2018.0,우측면,단어,KETI_SL_0000030423,삼키다
30437.0,26,2018.0,우측면,단어,KETI_SL_0000030437,손
30447.0,26,2018.0,우측면,단어,KETI_SL_0000030447,심장마비
30465.0,26,2018.0,우측면,단어,KETI_SL_0000030465,어깨
30467.0,26,2018.0,우측면,단어,KETI_SL_0000030467,어지러움
30477.0,26,2018.0,우측면,단어,KETI_SL_0000030477,열나다
30524.0,26,2018.0,우측면,단어,KETI_SL_0000030524,자상
30545.0,26,2018.0,우측면,단어,KETI_SL_0000030545,창백하다
30550.0,26,2018.0,우측면,단어,KETI_SL_0000030550,출산
30552.0,26,2018.0,우측면,단어,KETI_SL_0000030552,피나다
30559.0,26,2018.0,우측면,단어,KETI_SL_0000030559,토하다
30565.0,26,2018.0,우측면,단어,KETI_SL_0000030565,팔
30579.0,26,2018.0,우측면,단어,KETI_SL_0000030579,허리
30585.0,26,2018.0,우측면,단어,KETI_SL_0000030585,호흡곤란
30588.0,26,2018.0,우측면,단어,KETI_SL_0000030588,화상
30698.0,27,2018.0,정면,단어,KETI_SL_0000030698,가렵다
30700.0,27,2018.0,정면,단어,KETI_SL_0000030700,가슴
30726.0,27,2018.0,정면,단어,KETI_SL_0000030726,골절
30742.0,27,2018.0,정면,단어,KETI_SL_0000030742,귀
30748.0,27,2018.0,정면,단어,KETI_SL_0000030748,기절하다
30790.0,27,2018.0,정면,단어,KETI_SL_0000030790,떨어지다
30791.0,27,2018.0,정면,단어,KETI_SL_0000030791,쓰러지다
30798.0,27,2018.0,정면,단어,KETI_SL_0000030798,머리
30800.0,27,2018.0,정면,단어,KETI_SL_0000030800,목
30811.0,27,2018.0,정면,단어,KETI_SL_0000030811,발
30818.0,27,2018.0,정면,단어,KETI_SL_0000030818,복부
30842.0,27,2018.0,정면,단어,KETI_SL_0000030842,삼키다
30856.0,27,2018.0,정면,단어,KETI_SL_0000030856,손
30866.0,27,2018.0,정면,단어,KETI_SL_0000030866,심장마비
30884.0,27,2018.0,정면,단어,KETI_SL_0000030884,어깨
30886.0,27,2018.0,정면,단어,KETI_SL_0000030886,어지러움
30896.0,27,2018.0,정면,단어,KETI_SL_0000030896,열나다
30943.0,27,2018.0,정면,단어,KETI_SL_0000030943,자상
30964.0,27,2018.0,정면,단어,KETI_SL_0000030964,창백하다
30969.0,27,2018.0,정면,단어,KETI_SL_0000030969,출산
30971.0,27,2018.0,정면,단어,KETI_SL_0000030971,피나다
30978.0,27,2018.0,정면,단어,KETI_SL_0000030978,토하다
30984.0,27,2018.0,정면,단어,KETI_SL_0000030984,팔
30998.0,27,2018.0,정면,단어,KETI_SL_0000030998,허리
31004.0,27,2018.0,정면,단어,KETI_SL_0000031004,호흡곤란
31007.0,27,2018.0,정면,단어,KETI_SL_0000031007,화상
31117.0,27,2018.0,좌측면,단어,KETI_SL_0000031117,가렵다
31119.0,27,2018.0,좌측면,단어,KETI_SL_0000031119,가슴
31145.0,27,2018.0,좌측면,단어,KETI_SL_0000031145,골절
31161.0,27,2018.0,좌측면,단어,KETI_SL_0000031161,귀
31167.0,27,2018.0,좌측면,단어,KETI_SL_0000031167,기절하다
31209.0,27,2018.0,좌측면,단어,KETI_SL_0000031209,떨어지다
31210.0,27,2018.0,좌측면,단어,KETI_SL_0000031210,쓰러지다
31217.0,27,2018.0,좌측면,단어,KETI_SL_0000031217,머리
31219.0,27,2018.0,좌측면,단어,KETI_SL_0000031219,목
31230.0,27,2018.0,좌측면,단어,KETI_SL_0000031230,발
31237.0,27,2018.0,좌측면,단어,KETI_SL_0000031237,복부
31261.0,27,2018.0,좌측면,단어,KETI_SL_0000031261,삼키다
31275.0,27,2018.0,좌측면,단어,KETI_SL_0000031275,손
31285.0,27,2018.0,좌측면,단어,KETI_SL_0000031285,심장마비
31303.0,27,2018.0,좌측면,단어,KETI_SL_0000031303,어깨
31305.0,27,2018.0,좌측면,단어,KETI_SL_0000031305,어지러움
31315.0,27,2018.0,좌측면,단어,KETI_SL_0000031315,열나다
31362.0,27,2018.0,좌측면,단어,KETI_SL_0000031362,자상
31383.0,27,2018.0,좌측면,단어,KETI_SL_0000031383,창백하다
31388.0,27,2018.0,좌측면,단어,KETI_SL_0000031388,출산
31390.0,27,2018.0,좌측면,단어,KETI_SL_0000031390,피나다
31397.0,27,2018.0,좌측면,단어,KETI_SL_0000031397,토하다
31403.0,27,2018.0,좌측면,단어,KETI_SL_0000031403,팔
31417.0,27,2018.0,좌측면,단어,KETI_SL_0000031417,허리
31423.0,27,2018.0,좌측면,단어,KETI_SL_0000031423,호흡곤란
31426.0,27,2018.0,좌측면,단어,KETI_SL_0000031426,화상
31536.0,27,2018.0,우측면,단어,KETI_SL_0000031536,가렵다
31538.0,27,2018.0,우측면,단어,KETI_SL_0000031538,가슴
31564.0,27,2018.0,우측면,단어,KETI_SL_0000031564,골절
31580.0,27,2018.0,우측면,단어,KETI_SL_0000031580,귀
31586.0,27,2018.0,우측면,단어,KETI_SL_0000031586,기절하다
31628.0,27,2018.0,우측면,단어,KETI_SL_0000031628,떨어지다
31629.0,27,2018.0,우측면,단어,KETI_SL_0000031629,쓰러지다
31636.0,27,2018.0,우측면,단어,KETI_SL_0000031636,머리
31638.0,27,2018.0,우측면,단어,KETI_SL_0000031638,목
31649.0,27,2018.0,우측면,단어,KETI_SL_0000031649,발
31656.0,27,2018.0,우측면,단어,KETI_SL_0000031656,복부
31680.0,27,2018.0,우측면,단어,KETI_SL_0000031680,삼키다
31694.0,27,2018.0,우측면,단어,KETI_SL_0000031694,손
31704.0,27,2018.0,우측면,단어,KETI_SL_0000031704,심장마비
31722.0,27,2018.0,우측면,단어,KETI_SL_0000031722,어깨
31724.0,27,2018.0,우측면,단어,KETI_SL_0000031724,어지러움
31734.0,27,2018.0,우측면,단어,KETI_SL_0000031734,열나다
31781.0,27,2018.0,우측면,단어,KETI_SL_0000031781,자상
31802.0,27,2018.0,우측면,단어,KETI_SL_0000031802,창백하다
31807.0,27,2018.0,우측면,단어,KETI_SL_0000031807,출산
31809.0,27,2018.0,우측면,단어,KETI_SL_0000031809,피나다
31816.0,27,2018.0,우측면,단어,KETI_SL_0000031816,토하다
31822.0,27,2018.0,우측면,단어,KETI_SL_0000031822,팔
31836.0,27,2018.0,우측면,단어,KETI_SL_0000031836,허리
31842.0,27,2018.0,우측면,단어,KETI_SL_0000031842,호흡곤란
31845.0,27,2018.0,우측면,단어,KETI_SL_0000031845,화상
31955.0,28,2018.0,정면,단어,KETI_SL_0000031955,가렵다
31957.0,28,2018.0,정면,단어,KETI_SL_0000031957,가슴
31983.0,28,2018.0,정면,단어,KETI_SL_0000031983,골절
31999.0,28,2018.0,정면,단어,KETI_SL_0000031999,귀
32005.0,28,2018.0,정면,단어,KETI_SL_0000032005,기절하다
32047.0,28,2018.0,정면,단어,KETI_SL_0000032047,떨어지다
32048.0,28,2018.0,정면,단어,KETI_SL_0000032048,쓰러지다
32055.0,28,2018.0,정면,단어,KETI_SL_0000032055,머리
32057.0,28,2018.0,정면,단어,KETI_SL_0000032057,목
32068.0,28,2018.0,정면,단어,KETI_SL_0000032068,발
32075.0,28,2018.0,정면,단어,KETI_SL_0000032075,복부
32099.0,28,2018.0,정면,단어,KETI_SL_0000032099,삼키다
32113.0,28,2018.0,정면,단어,KETI_SL_0000032113,손
32123.0,28,2018.0,정면,단어,KETI_SL_0000032123,심장마비
32141.0,28,2018.0,정면,단어,KETI_SL_0000032141,어깨
32143.0,28,2018.0,정면,단어,KETI_SL_0000032143,어지러움
32153.0,28,2018.0,정면,단어,KETI_SL_0000032153,열나다
32200.0,28,2018.0,정면,단어,KETI_SL_0000032200,자상
32221.0,28,2018.0,정면,단어,KETI_SL_0000032221,창백하다
32226.0,28,2018.0,정면,단어,KETI_SL_0000032226,출산
32228.0,28,2018.0,정면,단어,KETI_SL_0000032228,피나다
32235.0,28,2018.0,정면,단어,KETI_SL_0000032235,토하다
32241.0,28,2018.0,정면,단어,KETI_SL_0000032241,팔
32255.0,28,2018.0,정면,단어,KETI_SL_0000032255,허리
32261.0,28,2018.0,정면,단어,KETI_SL_0000032261,호흡곤란
32264.0,28,2018.0,정면,단어,KETI_SL_0000032264,화상
32374.0,28,2018.0,좌측면,단어,KETI_SL_0000032374,가렵다
32376.0,28,2018.0,좌측면,단어,KETI_SL_0000032376,가슴
32402.0,28,2018.0,좌측면,단어,KETI_SL_0000032402,골절
32418.0,28,2018.0,좌측면,단어,KETI_SL_0000032418,귀
32424.0,28,2018.0,좌측면,단어,KETI_SL_0000032424,기절하다
32466.0,28,2018.0,좌측면,단어,KETI_SL_0000032466,떨어지다
32467.0,28,2018.0,좌측면,단어,KETI_SL_0000032467,쓰러지다
32474.0,28,2018.0,좌측면,단어,KETI_SL_0000032474,머리
32476.0,28,2018.0,좌측면,단어,KETI_SL_0000032476,목
32487.0,28,2018.0,좌측면,단어,KETI_SL_0000032487,발
32494.0,28,2018.0,좌측면,단어,KETI_SL_0000032494,복부
32518.0,28,2018.0,좌측면,단어,KETI_SL_0000032518,삼키다
32532.0,28,2018.0,좌측면,단어,KETI_SL_0000032532,손
32542.0,28,2018.0,좌측면,단어,KETI_SL_0000032542,심장마비
32560.0,28,2018.0,좌측면,단어,KETI_SL_0000032560,어깨
32562.0,28,2018.0,좌측면,단어,KETI_SL_0000032562,어지러움
32572.0,28,2018.0,좌측면,단어,KETI_SL_0000032572,열나다
32619.0,28,2018.0,좌측면,단어,KETI_SL_0000032619,자상
32640.0,28,2018.0,좌측면,단어,KETI_SL_0000032640,창백하다
32645.0,28,2018.0,좌측면,단어,KETI_SL_0000032645,출산
32647.0,28,2018.0,좌측면,단어,KETI_SL_0000032647,피나다
32654.0,28,2018.0,좌측면,단어,KETI_SL_0000032654,토하다
32660.0,28,2018.0,좌측면,단어,KETI_SL_0000032660,팔
32674.0,28,2018.0,좌측면,단어,KETI_SL_0000032674,허리
32680.0,28,2018.0,좌측면,단어,KETI_SL_0000032680,호흡곤란
32683.0,28,2018.0,좌측면,단어,KETI_SL_0000032683,화상
32793.0,28,2018.0,우측면,단어,KETI_SL_0000032793,가렵다
32795.0,28,2018.0,우측면,단어,KETI_SL_0000032795,가슴
32821.0,28,2018.0,우측면,단어,KETI_SL_0000032821,골절
32837.0,28,2018.0,우측면,단어,KETI_SL_0000032837,귀
32843.0,28,2018.0,우측면,단어,KETI_SL_0000032843,기절하다
32885.0,28,2018.0,우측면,단어,KETI_SL_0000032885,떨어지다
32886.0,28,2018.0,우측면,단어,KETI_SL_0000032886,쓰러지다
32893.0,28,2018.0,우측면,단어,KETI_SL_0000032893,머리
32895.0,28,2018.0,우측면,단어,KETI_SL_0000032895,목
32906.0,28,2018.0,우측면,단어,KETI_SL_0000032906,발
32913.0,28,2018.0,우측면,단어,KETI_SL_0000032913,복부
32937.0,28,2018.0,우측면,단어,KETI_SL_0000032937,삼키다
32951.0,28,2018.0,우측면,단어,KETI_SL_0000032951,손
32961.0,28,2018.0,우측면,단어,KETI_SL_0000032961,심장마비
32979.0,28,2018.0,우측면,단어,KETI_SL_0000032979,어깨
32981.0,28,2018.0,우측면,단어,KETI_SL_0000032981,어지러움
32991.0,28,2018.0,우측면,단어,KETI_SL_0000032991,열나다
33038.0,28,2018.0,우측면,단어,KETI_SL_0000033038,자상
33059.0,28,2018.0,우측면,단어,KETI_SL_0000033059,창백하다
33064.0,28,2018.0,우측면,단어,KETI_SL_0000033064,출산
33066.0,28,2018.0,우측면,단어,KETI_SL_0000033066,피나다
33073.0,28,2018.0,우측면,단어,KETI_SL_0000033073,토하다
33079.0,28,2018.0,우측면,단어,KETI_SL_0000033079,팔
33093.0,28,2018.0,우측면,단어,KETI_SL_0000033093,허리
33099.0,28,2018.0,우측면,단어,KETI_SL_0000033099,호흡곤란
33102.0,28,2018.0,우측면,단어,KETI_SL_0000033102,화상
33212.0,29,2018.0,정면,단어,KETI_SL_0000033212,가렵다
33214.0,29,2018.0,정면,단어,KETI_SL_0000033214,가슴
33240.0,29,2018.0,정면,단어,KETI_SL_0000033240,골절
33256.0,29,2018.0,정면,단어,KETI_SL_0000033256,귀
33262.0,29,2018.0,정면,단어,KETI_SL_0000033262,기절하다
33304.0,29,2018.0,정면,단어,KETI_SL_0000033304,떨어지다
33305.0,29,2018.0,정면,단어,KETI_SL_0000033305,쓰러지다
33312.0,29,2018.0,정면,단어,KETI_SL_0000033312,머리
33314.0,29,2018.0,정면,단어,KETI_SL_0000033314,목
33325.0,29,2018.0,정면,단어,KETI_SL_0000033325,발
33332.0,29,2018.0,정면,단어,KETI_SL_0000033332,복부
33356.0,29,2018.0,정면,단어,KETI_SL_0000033356,삼키다
33370.0,29,2018.0,정면,단어,KETI_SL_0000033370,손
33380.0,29,2018.0,정면,단어,KETI_SL_0000033380,심장마비
33398.0,29,2018.0,정면,단어,KETI_SL_0000033398,어깨
33400.0,29,2018.0,정면,단어,KETI_SL_0000033400,어지러움
33410.0,29,2018.0,정면,단어,KETI_SL_0000033410,열나다
33457.0,29,2018.0,정면,단어,KETI_SL_0000033457,자상
33478.0,29,2018.0,정면,단어,KETI_SL_0000033478,창백하다
33483.0,29,2018.0,정면,단어,KETI_SL_0000033483,출산
33485.0,29,2018.0,정면,단어,KETI_SL_0000033485,피나다
33492.0,29,2018.0,정면,단어,KETI_SL_0000033492,토하다
33498.0,29,2018.0,정면,단어,KETI_SL_0000033498,팔
33512.0,29,2018.0,정면,단어,KETI_SL_0000033512,허리
33518.0,29,2018.0,정면,단어,KETI_SL_0000033518,호흡곤란
33521.0,29,2018.0,정면,단어,KETI_SL_0000033521,화상
33631.0,29,2018.0,좌측면,단어,KETI_SL_0000033631,가렵다
33633.0,29,2018.0,좌측면,단어,KETI_SL_0000033633,가슴
33659.0,29,2018.0,좌측면,단어,KETI_SL_0000033659,골절
33675.0,29,2018.0,좌측면,단어,KETI_SL_0000033675,귀
33681.0,29,2018.0,좌측면,단어,KETI_SL_0000033681,기절하다
33723.0,29,2018.0,좌측면,단어,KETI_SL_0000033723,떨어지다
33724.0,29,2018.0,좌측면,단어,KETI_SL_0000033724,쓰러지다
33731.0,29,2018.0,좌측면,단어,KETI_SL_0000033731,머리
33733.0,29,2018.0,좌측면,단어,KETI_SL_0000033733,목
33744.0,29,2018.0,좌측면,단어,KETI_SL_0000033744,발
33751.0,29,2018.0,좌측면,단어,KETI_SL_0000033751,복부
33775.0,29,2018.0,좌측면,단어,KETI_SL_0000033775,삼키다
33789.0,29,2018.0,좌측면,단어,KETI_SL_0000033789,손
33799.0,29,2018.0,좌측면,단어,KETI_SL_0000033799,심장마비
33817.0,29,2018.0,좌측면,단어,KETI_SL_0000033817,어깨
33819.0,29,2018.0,좌측면,단어,KETI_SL_0000033819,어지러움
33829.0,29,2018.0,좌측면,단어,KETI_SL_0000033829,열나다
33876.0,29,2018.0,좌측면,단어,KETI_SL_0000033876,자상
33897.0,29,2018.0,좌측면,단어,KETI_SL_0000033897,창백하다
33902.0,29,2018.0,좌측면,단어,KETI_SL_0000033902,출산
33904.0,29,2018.0,좌측면,단어,KETI_SL_0000033904,피나다
33911.0,29,2018.0,좌측면,단어,KETI_SL_0000033911,토하다
33917.0,29,2018.0,좌측면,단어,KETI_SL_0000033917,팔
33931.0,29,2018.0,좌측면,단어,KETI_SL_0000033931,허리
33937.0,29,2018.0,좌측면,단어,KETI_SL_0000033937,호흡곤란
33940.0,29,2018.0,좌측면,단어,KETI_SL_0000033940,화상
34050.0,29,2018.0,우측면,단어,KETI_SL_0000034050,가렵다
34052.0,29,2018.0,우측면,단어,KETI_SL_0000034052,가슴
34078.0,29,2018.0,우측면,단어,KETI_SL_0000034078,골절
34094.0,29,2018.0,우측면,단어,KETI_SL_0000034094,귀
34100.0,29,2018.0,우측면,단어,KETI_SL_0000034100,기절하다
34142.0,29,2018.0,우측면,단어,KETI_SL_0000034142,떨어지다
34143.0,29,2018.0,우측면,단어,KETI_SL_0000034143,쓰러지다
34150.0,29,2018.0,우측면,단어,KETI_SL_0000034150,머리
34152.0,29,2018.0,우측면,단어,KETI_SL_0000034152,목
34163.0,29,2018.0,우측면,단어,KETI_SL_0000034163,발
34170.0,29,2018.0,우측면,단어,KETI_SL_0000034170,복부
34194.0,29,2018.0,우측면,단어,KETI_SL_0000034194,삼키다
34208.0,29,2018.0,우측면,단어,KETI_SL_0000034208,손
34218.0,29,2018.0,우측면,단어,KETI_SL_0000034218,심장마비
34236.0,29,2018.0,우측면,단어,KETI_SL_0000034236,어깨
34238.0,29,2018.0,우측면,단어,KETI_SL_0000034238,어지러움
34248.0,29,2018.0,우측면,단어,KETI_SL_0000034248,열나다
34295.0,29,2018.0,우측면,단어,KETI_SL_0000034295,자상
34316.0,29,2018.0,우측면,단어,KETI_SL_0000034316,창백하다
34321.0,29,2018.0,우측면,단어,KETI_SL_0000034321,출산
34323.0,29,2018.0,우측면,단어,KETI_SL_0000034323,피나다
34330.0,29,2018.0,우측면,단어,KETI_SL_0000034330,토하다
34336.0,29,2018.0,우측면,단어,KETI_SL_0000034336,팔
34350.0,29,2018.0,우측면,단어,KETI_SL_0000034350,허리
34356.0,29,2018.0,우측면,단어,KETI_SL_0000034356,호흡곤란
34359.0,29,2018.0,우측면,단어,KETI_SL_0000034359,화상
34469.0,30,2018.0,정면,단어,KETI_SL_0000034469,가렵다
34471.0,30,2018.0,정면,단어,KETI_SL_0000034471,가슴
34497.0,30,2018.0,정면,단어,KETI_SL_0000034497,골절
34513.0,30,2018.0,정면,단어,KETI_SL_0000034513,귀
34519.0,30,2018.0,정면,단어,KETI_SL_0000034519,기절하다
34561.0,30,2018.0,정면,단어,KETI_SL_0000034561,떨어지다
34562.0,30,2018.0,정면,단어,KETI_SL_0000034562,쓰러지다
34569.0,30,2018.0,정면,단어,KETI_SL_0000034569,머리
34571.0,30,2018.0,정면,단어,KETI_SL_0000034571,목
34582.0,30,2018.0,정면,단어,KETI_SL_0000034582,발
34589.0,30,2018.0,정면,단어,KETI_SL_0000034589,복부
34613.0,30,2018.0,정면,단어,KETI_SL_0000034613,삼키다
34627.0,30,2018.0,정면,단어,KETI_SL_0000034627,손
34637.0,30,2018.0,정면,단어,KETI_SL_0000034637,심장마비
34655.0,30,2018.0,정면,단어,KETI_SL_0000034655,어깨
34657.0,30,2018.0,정면,단어,KETI_SL_0000034657,어지러움
34667.0,30,2018.0,정면,단어,KETI_SL_0000034667,열나다
34714.0,30,2018.0,정면,단어,KETI_SL_0000034714,자상
34735.0,30,2018.0,정면,단어,KETI_SL_0000034735,창백하다
34740.0,30,2018.0,정면,단어,KETI_SL_0000034740,출산
34742.0,30,2018.0,정면,단어,KETI_SL_0000034742,피나다
34749.0,30,2018.0,정면,단어,KETI_SL_0000034749,토하다
34755.0,30,2018.0,정면,단어,KETI_SL_0000034755,팔
34769.0,30,2018.0,정면,단어,KETI_SL_0000034769,허리
34775.0,30,2018.0,정면,단어,KETI_SL_0000034775,호흡곤란
34778.0,30,2018.0,정면,단어,KETI_SL_0000034778,화상
34888.0,30,2018.0,좌측면,단어,KETI_SL_0000034888,가렵다
34890.0,30,2018.0,좌측면,단어,KETI_SL_0000034890,가슴
34916.0,30,2018.0,좌측면,단어,KETI_SL_0000034916,골절
34932.0,30,2018.0,좌측면,단어,KETI_SL_0000034932,귀
34938.0,30,2018.0,좌측면,단어,KETI_SL_0000034938,기절하다
34980.0,30,2018.0,좌측면,단어,KETI_SL_0000034980,떨어지다
34981.0,30,2018.0,좌측면,단어,KETI_SL_0000034981,쓰러지다
34988.0,30,2018.0,좌측면,단어,KETI_SL_0000034988,머리
34990.0,30,2018.0,좌측면,단어,KETI_SL_0000034990,목
35001.0,30,2018.0,좌측면,단어,KETI_SL_0000035001,발
35008.0,30,2018.0,좌측면,단어,KETI_SL_0000035008,복부
35032.0,30,2018.0,좌측면,단어,KETI_SL_0000035032,삼키다
35046.0,30,2018.0,좌측면,단어,KETI_SL_0000035046,손
35056.0,30,2018.0,좌측면,단어,KETI_SL_0000035056,심장마비
35074.0,30,2018.0,좌측면,단어,KETI_SL_0000035074,어깨
35076.0,30,2018.0,좌측면,단어,KETI_SL_0000035076,어지러움
35086.0,30,2018.0,좌측면,단어,KETI_SL_0000035086,열나다
35133.0,30,2018.0,좌측면,단어,KETI_SL_0000035133,자상
35154.0,30,2018.0,좌측면,단어,KETI_SL_0000035154,창백하다
35159.0,30,2018.0,좌측면,단어,KETI_SL_0000035159,출산
35161.0,30,2018.0,좌측면,단어,KETI_SL_0000035161,피나다
35168.0,30,2018.0,좌측면,단어,KETI_SL_0000035168,토하다
35174.0,30,2018.0,좌측면,단어,KETI_SL_0000035174,팔
35188.0,30,2018.0,좌측면,단어,KETI_SL_0000035188,허리
35194.0,30,2018.0,좌측면,단어,KETI_SL_0000035194,호흡곤란
35197.0,30,2018.0,좌측면,단어,KETI_SL_0000035197,화상
35307.0,30,2018.0,우측면,단어,KETI_SL_0000035307,가렵다
35309.0,30,2018.0,우측면,단어,KETI_SL_0000035309,가슴
35335.0,30,2018.0,우측면,단어,KETI_SL_0000035335,골절
35351.0,30,2018.0,우측면,단어,KETI_SL_0000035351,귀
35357.0,30,2018.0,우측면,단어,KETI_SL_0000035357,기절하다
35399.0,30,2018.0,우측면,단어,KETI_SL_0000035399,떨어지다
35400.0,30,2018.0,우측면,단어,KETI_SL_0000035400,쓰러지다
35407.0,30,2018.0,우측면,단어,KETI_SL_0000035407,머리
35409.0,30,2018.0,우측면,단어,KETI_SL_0000035409,목
35420.0,30,2018.0,우측면,단어,KETI_SL_0000035420,발
35427.0,30,2018.0,우측면,단어,KETI_SL_0000035427,복부
35451.0,30,2018.0,우측면,단어,KETI_SL_0000035451,삼키다
35465.0,30,2018.0,우측면,단어,KETI_SL_0000035465,손
35475.0,30,2018.0,우측면,단어,KETI_SL_0000035475,심장마비
35493.0,30,2018.0,우측면,단어,KETI_SL_0000035493,어깨
35495.0,30,2018.0,우측면,단어,KETI_SL_0000035495,어지러움
35505.0,30,2018.0,우측면,단어,KETI_SL_0000035505,열나다
35552.0,30,2018.0,우측면,단어,KETI_SL_0000035552,자상
35573.0,30,2018.0,우측면,단어,KETI_SL_0000035573,창백하다
35578.0,30,2018.0,우측면,단어,KETI_SL_0000035578,출산
35580.0,30,2018.0,우측면,단어,KETI_SL_0000035580,피나다
35587.0,30,2018.0,우측면,단어,KETI_SL_0000035587,토하다
35593.0,30,2018.0,우측면,단어,KETI_SL_0000035593,팔
35607.0,30,2018.0,우측면,단어,KETI_SL_0000035607,허리
35613.0,30,2018.0,우측면,단어,KETI_SL_0000035613,호흡곤란
35616.0,30,2018.0,우측면,단어,KETI_SL_0000035616,화상
